x1,x2,x3,x4,x5,x6,y
-0.8565517962371161,0.6086890286246608,-0.49584000961995656,-1.0,0.44716261660213785,1.0,5.890889832124411
0.37431317327268787,-0.6234688160987177,0.0356042615900351,-1.0,-0.05815814400363184,-0.36254816780259547,1.4519792983384798
-1.0,0.008607397781041137,-0.18154907290100042,1.0,1.0,0.8042197177132508,6.091947948091546
1.0,0.0485001846473736,0.138665988077882,0.722807941096415,1.0,0.7120582867574554,-1.5809392123469352
-0.27622048215362094,-0.8623645794730491,-0.9931994282783894,-0.7133591614079655,1.0,-0.06431299087948478,-3.3803945524683274
1.0,0.186389981166579,1.0,0.905563635236053,-0.07174122188482884,-0.7087974358347153,1.6658471045256702
1.0,-0.2181601225066334,-0.31664378653060377,-0.05798307174766498,-0.7205860815046006,-0.8646746682158537,4.291745886427785
-1.0,-0.35429952431902634,-0.28784560858751695,0.1728550619750947,-1.0,0.47626272129461295,-2.57472052943849
-1.0,-1.0,-1.0,-1.0,-1.0,-0.0690550637079887,-2.4654052102032757
-0.8078739827513273,-0.6661620295664615,0.05289847611800391,0.618804433889159,0.4347329306591769,-0.15720417741984943,1.6672248092730066
-0.8664147495948544,0.10211474754020118,-1.0,0.8562353502214698,-0.8183699642523893,0.059127010758084686,-2.9647054333084673
-1.0,-1.0,-1.0,-0.5403752524661269,1.0,1.0,2.3738665196044115
1.0,1.0,1.0,1.0,-0.9828293810357855,0.4870301794141162,1.8859269583739655
-1.0,-1.0,-0.43173318932124016,-0.7637359870418727,-1.0,-1.0,2.9543558028558556
-0.42121348536693193,-0.19612198623916166,-0.4012693820624114,0.49734085715552545,0.10695308439893203,0.3696543569782404,-0.2671630710574977
-0.7674474205535544,-1.0,-0.2284651779750808,-1.0,-1.0,-0.01761235759273616,2.8052678164389158
0.5473423203958958,-1.0,0.4778272996646221,-0.5065122028895606,-0.008722873466765035,-0.6773984672539948,5.040440189429974
0.6547243876696045,-0.12338733320457274,0.111856840141555,0.5768486412646385,1.0,0.7673114761208613,0.1680364565524372
-0.4687907783029617,-1.0,-1.0,0.8069853894367294,0.8350155497223283,0.19970638690226394,-4.12383207501751
-0.016372108405726782,-1.0,0.8754996610133838,-1.0,0.7807829301991833,1.0,-2.794606805373677
1.0,0.15694886353968396,-1.0,0.2634851029996318,-0.6969882245639928,-0.25567598327823093,3.1927983815339913
-1.0,-0.15874169905107915,-1.0,-0.6845886196715922,-0.11267715191022942,-1.0,5.946102249353815
-0.1370596419427118,0.5638054339243352,1.0,0.7842819290299278,1.0,0.05839834956665313,-1.7385600623543231
-1.0,-1.0,-1.0,-0.7980405146626903,-1.0,-0.8882064318122971,2.127009335636911
-0.3556532566888624,-0.05491517093286147,-0.12721119322901864,-0.6517641106233242,-0.8816752322598836,1.0,4.099692223415346
-0.5996021940839595,-0.25497921412168834,-0.9725524349701691,-0.838182631985444,1.0,0.9680394432093358,5.979560241629146
0.21571039823211136,-0.09719621192109434,0.9733025713652808,1.0,1.0,1.0,-0.9964006393073614
0.0879277200573044,0.7276134151873973,-0.72521998066146,0.8545447265133701,0.5962208908629024,-1.0,1.1272959644502638
-0.4948152347538291,0.5238293047724792,-0.7217533710962362,-1.0,1.0,1.0,9.94076724519509
0.00853473487537637,-0.033139383606932804,-0.6445800936060855,-0.1888675885848643,0.8140489953242851,-0.23994557372457936,-0.8284390917004152
0.7699164580359592,0.9735740473184307,0.4102360215246341,0.7353567558777443,1.0,1.0,-0.44635632115696655
1.0,0.21514342285544297,0.09464867495125341,1.0,-0.0826212702305621,-0.5729596813365975,2.7997065256708726
-0.09398686100064607,-1.0,-0.5074837693229741,-0.9091744812225967,-0.48662674703732933,-0.09915437966471874,0.42863231177279404
-0.15711332053712868,0.7406785674660279,0.6928208792463564,-0.5114716353085655,0.8921633117960199,-1.0,1.1800722307645184
0.5588067820963972,1.0,0.4228196379803612,1.0,-1.0,0.1389920475241111,3.105995820827529
0.3113539627188151,0.48176840157293443,0.36400855270718724,1.0,0.9529447801832642,-0.87201867080075,0.01625338201816451
-0.5929863121109773,0.6428031354936551,1.0,-0.5460878334915731,-0.35090549578728275,-0.5012572044808715,-1.3391613040392287
0.13546931618753444,0.48725626795255506,0.5998774977687866,-0.21906690130260165,-0.7053029644530167,-1.0,2.9323162020483347
-0.16911849623103895,-1.0,0.7871148395946559,-1.0,0.5335244338069498,-0.6336322315629418,4.887590055670227
-1.0,-1.0,-1.0,0.5440979332705304,-0.40469633680165007,-0.36896767668986175,-5.075891072522219
0.9063862289821758,0.1800721477374641,-0.5458795613465104,1.0,0.2966181236429557,0.3821455712761326,-0.384286071405794
1.0,0.5998474755766692,0.7407846171517984,1.0,-1.0,1.0,5.321729846148304
1.0,1.0,1.0,0.13585690120588767,-1.0,-0.2833810706841352,1.5161001785433466
-1.0,-0.5789492629518892,-1.0,-0.31129790023292647,-0.22350022122688953,-0.4731436716521227,-1.950872380842645
0.1312981538991358,1.0,1.0,1.0,-0.32456087308859993,0.5605955153646132,-4.017864434916703
-1.0,-0.8578563527066309,0.8569805004744128,-1.0,-0.19791937244078972,-1.0,4.502066575719493
-1.0,-1.0,-0.21302741455036533,-0.8908068670743334,-0.8412080523971781,1.0,-0.789716434625289
-0.16801894838105158,-0.6384909822889799,-0.961329363444962,-1.0,0.21956013468976687,0.23839390313373288,-2.559747876373632
1.0,1.0,0.006517053496739589,0.5718370197627465,-1.0,-1.0,8.481417867524229
-0.16215911768451075,-1.0,-0.43965234909490936,-1.0,0.8573723777721992,0.24352794986994808,-1.0061110812943088
-0.2713178642100037,-0.016368801423207735,0.8453154504563766,-0.6581724690498293,-1.0,-0.3083262961063584,-0.30874028055126623
-0.28028915091878426,-0.7132784870843376,-1.0,-0.831929538569687,-1.0,-1.0,3.6240023446473852
-1.0,-1.0,0.843588201698906,0.03382877644980442,1.0,0.5424710608550916,2.4672322256525963
-0.10966102570185465,0.5279600532928971,-0.6922667158579285,-0.8513182922931654,1.0,0.48926259023647056,3.2843324637339624
0.7076099566167939,0.9329355081779416,0.9040703800428393,0.6616438140777563,1.0,1.0,-5.11356067001182
-0.9687490258405823,-0.2576081511634576,-1.0,-1.0,1.0,-0.8214468394514235,2.783440243457743
1.0,1.0,1.0,0.9302408041990889,1.0,0.963478017569928,-9.226155439104616
-0.6151224279510531,-0.5403131185163185,-1.0,-0.9563239340456375,-1.0,-0.35199508445648026,-0.41549088914746585
0.45860191215669033,-0.5395562955567831,0.5797496452594892,-0.2059461459690117,1.0,1.0,-0.47932268163654274
0.7890660892744923,-0.07073848717257555,-1.0,0.42713742082837125,0.5553733130838144,0.11744518330479137,-1.2010070558604984
0.1023582516442475,0.8758146370848192,-0.6349090839899134,-0.029346293871719276,-1.0,0.3912688071466218,2.484876055141837
0.6606237783519779,1.0,0.22138791275625724,1.0,-0.2906196051869516,-1.0,6.524363861733254
1.0,0.7184525528026311,1.0,0.08896050782867415,-1.0,-0.2930960906777956,4.275159137477366
-0.2245174688362453,-0.7519308913251281,-0.9090232312245979,-0.6310129821346626,-0.13210165185616174,-1.0,3.6722852747242345
-0.19098531102834548,-0.7327572288201689,-1.0,-0.22116916335404047,-0.6745134416312013,0.8992615327661847,3.387357313079797
-0.14056137101650118,-0.11095235835795994,-0.34560945605574606,-0.94357635496208,-0.33308781384403274,-0.2696941516407654,0.15939075144098222
-0.24744992159348447,-1.0,-0.5192284226209629,0.77697026247092,-1.0,-0.29405799418652967,-0.6591210592675568
1.0,0.4693896938489741,0.5356918777953734,0.43328021708486775,0.17948444396903374,0.4836368577106082,-0.6927267579222824
0.6614621413659467,0.967867508985938,-0.28734379141673194,-0.7547153460361091,1.0,1.0,6.41871998869066
0.04370357943779796,-0.14594057216455858,-1.0,-1.0,-1.0,-0.8032629242583235,0.9789412382995784
1.0,-0.9937354024453916,0.33832359353198704,-0.06546693037667939,0.032653832497726576,0.9173782821013233,1.1671529710859407
0.11926566194362578,-0.8064340364081868,-0.16066999143716387,-1.0,0.9706390278126398,1.0,2.455727842201319
-0.8066132859903876,-0.845333730978896,-1.0,-0.6787803731343158,1.0,-0.7758452404073874,0.28385117372867613
0.9943132807388335,0.3055714331716596,0.8293508687299123,-0.18506424260182686,1.0,1.0,-3.215283757944107
-0.43642666391568613,0.5527091742922459,1.0,0.03515355053824609,0.03407040290965216,1.0,-1.429551487044411
-0.7168851741232841,-1.0,-0.07398112271050994,0.2893361111963034,0.9601109619330066,0.22959488634264608,1.4453738941439476
0.9411233223358958,0.4909429810236976,0.8918049581010847,0.5309332152453596,0.14621435590314022,-0.37452300699282703,-0.017209911053230165
0.19190063157880338,-0.665534363460287,0.047484740760519784,-0.394756356153284,0.6001607547241579,-0.027606358677296453,-0.4073977312923637
-0.12944204466707096,-0.842082486801532,0.20941281723145727,-0.4342086930414316,1.0,1.0,2.372096911402996
-1.0,-1.0,-0.7389674141367168,-0.16124474960980395,-0.8658348680973342,-0.6147066609162946,-2.616547693745159
0.7717350278412747,1.0,-0.5518378108506659,0.2592257814263408,-0.6826889620548919,-1.0,5.216733851779691
-1.0,-1.0,-1.0,-0.8560447808160011,1.0,1.0,-0.6868708778572987
0.7240666634162569,1.0,-0.5651471864458287,0.10962767764849901,1.0,0.408902267172492,1.6248504419751948
0.8051715582619097,1.0,1.0,0.3801568281855321,0.24350930640022628,-1.0,-0.5255764947462281
-1.0,-1.0,0.056631575466623674,-0.2774195729895683,1.0,1.0,4.454051914409847
-0.7319273814451049,-0.8924323646407808,0.06694084412230272,-1.0,0.20275237493348452,0.8299227711473189,-0.9241248310616632
1.0,1.0,1.0,0.8644277994006726,0.4313472129369347,1.0,-8.207482605267005
-1.0,-1.0,-0.6816583449496092,-0.13561740150006646,-0.11599835118010068,1.0,0.07197319204573382
-0.8148827005274358,-0.11619582475349377,-0.6069617045522988,-1.0,-1.0,-1.0,-0.31575791091633065
0.5703533500010127,1.0,1.0,1.0,0.4292406118408991,0.501893004839157,-6.170954233385023
-0.1546956074857635,-0.8753832562030055,-0.4126140477142486,-0.7815563265610168,0.4510658106893555,1.0,0.8787921306008748
-0.28017038084751644,-1.0,-1.0,-0.11989709359851841,1.0,0.27581154950484543,-2.7144231375729273
0.08991614987260113,0.12246848230839993,-1.0,1.0,-1.0,-1.0,1.6727196529492045
-1.0,0.053407288192405034,-0.9999895986970571,-0.4134146181082807,1.0,0.5156368603006556,1.251372109364847
-0.36307592306429826,0.025421650039643917,0.6266443879321713,-0.3616775972784509,1.0,-0.7730453748099275,1.603153866317728
-0.8902146972745866,-1.0,-1.0,-0.26301061625065714,0.03714110376775848,-1.0,3.4561722022540797
-0.7718013632918115,0.18398812438872014,0.36251670578482087,-0.7679941750111692,-1.0,-0.8417864465093945,-1.0409407645691988
-0.6784818672533579,-0.42382150610316754,0.9368090309993983,0.8175145099509861,1.0,0.008435549122691954,-0.49383641268804185
-1.0,-1.0,-1.0,-1.0,1.0,0.31715625347721355,-6.834611556413198
0.7691728225662284,0.1456199274564467,0.63005736918363,-0.07952644210771626,0.6321932700664208,1.0,-0.532876353873303
-0.018590607693504624,-1.0,-1.0,-0.9336336379503187,-0.35044221013476684,0.9726246339022967,1.2836900298413032
-0.7406465880333675,-1.0,-0.7520296067782163,-0.24042085011200842,-0.598659339688896,-0.8091428652729795,0.4049976723897099
-0.9537544652253178,-1.0,0.5304705760638472,-0.6653029246722046,-1.0,-0.6138788353991793,3.5181700081238665
-0.6571842454070057,0.22979983818254102,1.0,-0.07341345617936995,1.0,1.0,0.6198123505383791
1.0,0.5881305342819215,0.7032225624222354,-0.21261872795845,-0.09746937119963661,-0.2575458335449182,0.6648782209963264
1.0,0.49352449226744244,0.5157750160881907,0.8882582998081838,0.09550370355190416,0.892018583776272,-0.26173475313558814
-0.15190369206595045,0.305814695542203,-0.7185949854309592,0.5440376732546914,-1.0,-0.48611364182524286,-0.8755792375505941
1.0,0.31533907104584813,-0.1328613138307106,0.5925854055027511,-0.46297008007834684,0.0830855698822921,1.1939605430580327
1.0,1.0,0.33552743248957473,1.0,-0.3565540564899401,-0.5469345481724066,4.050593907461026
1.0,0.4872974022472114,0.8480705789057555,0.8542302258910833,1.0,-0.6075522964704492,-2.3080377681425537
-0.13775884101379102,1.0,0.8254775959240687,-0.2008796147674744,-1.0,-1.0,-2.4747286694421238
1.0,0.9116485904585012,1.0,1.0,-0.7780373381454754,0.195540137102585,2.870363745175635
-0.9799938485300911,-0.4449481438840066,-0.009992906675485302,-0.7996420807730638,-0.32497439030680364,-1.0,3.4221317660390764
-1.0,-0.09636633289466229,-0.8123255001281419,-1.0,1.0,0.7686607674468223,5.051645042538104
-1.0,-0.891611424945061,0.10848368871468095,-0.6631012791172508,-1.0,-1.0,3.1917925634704596
1.0,1.0,-0.9065604394587097,-0.17986056664894068,-1.0,-0.257074568591206,5.095365632576453
0.8157335306754359,0.07403133831190523,-0.05461722498771293,1.0,0.48967893067741497,0.7569399409586246,0.4937057038073955
1.0,-0.2854169485942937,0.5743297093166403,-1.0,-0.06832208570016118,-0.3846333492323415,1.6056126462204507
-0.46372058513981035,0.986894400641732,0.530993443962088,-0.10363180809456546,-0.46944980083746446,-0.16178900167934052,-0.7394830379696278
0.26860401194288264,0.9058227199138913,1.0,0.7866615362340452,-0.30045125494513836,-1.0,1.74627192300096
0.019159751394408064,0.13121069708164645,-0.29472060226661545,-0.46317487621890674,-0.02456344616646705,-0.4414894077419066,1.025702029621949
-0.6532297599779213,0.35876675575634304,-0.6335248925613628,0.3122363743118661,0.22510244902899013,-0.5256636315498949,0.08702046105249595
-0.8435539711789153,-1.0,-1.0,-1.0,-1.0,0.9992367930696213,3.165269392726346
0.639061976595805,0.20168482038014013,-1.0,-0.10896536148885594,-0.9066865758734204,-0.25193903105218385,0.7793347121090423
-0.7671423285571322,-1.0,0.20183456842161718,1.0,-0.31928346819270714,-1.0,2.045292590802447
0.4193442916348536,0.027247981280631772,-0.6428628489372192,-0.029795982343066185,-1.0,-0.6355394296879018,1.216767133633348
-1.0,-0.9783877342994491,-0.7376434237084395,-1.0,1.0,0.6600957551969056,-2.6248087428870575
-1.0,-0.10412483366595082,-0.5817571445572867,-0.06419213434570503,0.8005519563135616,0.17174393365591079,0.7384976578456387
1.0,1.0,0.1866331150786612,1.0,-0.08552592619267263,0.014419303498262322,0.9776025726716566
1.0,0.4942346498487864,-0.19298035447248818,0.18269885379189815,0.38462685652070416,-1.0,2.3452965823811738
-0.0001721038301752964,1.0,0.5588948697685612,1.0,-0.6688759586404983,-0.357534859425327,0.11527815272337738
0.21550942090623176,-0.4349971750788336,0.8733464702156928,-1.0,-0.5249943305516316,-0.9481929576935382,3.2553779656049233
-0.18928059616075554,-0.5040823842832958,-1.0,-0.8020819637185004,-0.34212798023067414,0.018237382569022187,-1.7275880942171538
0.6285321997566439,0.15770394211366384,0.026509364524090362,0.5209131378503271,-0.4042782200399675,-1.0,4.627651810220596
0.6171140991848737,1.0,0.38280152619983976,-1.0,0.4117979050599402,-1.0,-0.44286090427393393
-0.7225935548583818,-0.40261545972694973,-0.30874846827853925,0.6548546256276992,-0.5972956613450866,-0.04944901158258541,-0.37536390376644624
0.4378983551869024,-0.5737889409867671,-0.869140399359687,-0.9914526258747641,1.0,0.7175122704925907,-0.9219011248108511
-1.0,-0.20022577938322605,0.5167561752663281,-1.0,-0.20213406359816732,0.4511032779931827,-2.009441471021833
0.6312138998147144,0.29677010791922487,-0.21088733325733158,0.038088763669927084,1.0,-0.0028886805313527164,-1.4199082135464152
1.0,-0.17619491759358213,1.0,0.64079496428909,-0.2418180262980323,-0.25128843836488096,2.751407903156145
0.08721932516276415,0.1349297518710607,0.7401318395355603,-0.11801496599467859,0.31520959276410654,1.0,0.8992093305075124
0.1048389709221457,1.0,0.39790007978590947,-0.06666408068509566,0.08434837467541567,-0.43894738823522617,-0.5221465808186254
0.6842156728770029,0.247181911798795,-0.44766441669314533,1.0,-0.9462876010109001,0.5260184496553655,2.4282830856017705
-0.7020181296181058,-0.09654268106032249,-1.0,-1.0,-0.5348812972786054,-1.0,4.007200930426821
0.6225028562121689,-0.04033955140890422,0.7697463514737375,-0.5539053383805546,0.30007871278889653,0.22567615700776616,-1.3916498525580303
-1.0,-1.0,-1.0,-1.0,-1.0,0.030847029483861088,-3.3339163515805956
0.6481015517938165,0.6706734625490189,0.6203962935673717,1.0,0.11204328725082596,1.0,0.09704181649072896
0.9691249193372738,-0.8150416788696683,-1.0,-0.5569977077312005,-0.3138042121496044,-0.550726087929995,2.490830896414386
-0.36782307553879884,-0.3300591278637394,0.8286500952987714,1.0,1.0,1.0,1.2999343838889477
-0.32669077941010394,-0.34122597408950783,-0.48538296551137056,-0.24627600417923323,-1.0,-0.15916542884695817,-0.36101939920524667
0.5202528866477776,1.0,1.0,0.534511928545419,1.0,0.4197640755262233,-5.351791243459041
-0.3658973845104194,-0.010205630915627095,0.9483693762873593,1.0,-0.26330796986164967,0.46135284723608777,-1.7402297603379808
1.0,1.0,0.0023854017412450745,0.18389053384362453,-0.8452461910595296,-0.19272018389281098,4.368135209879458
-0.05879786320759006,-1.0,0.20567056271963136,-1.0,-0.030711681060055396,-0.9954627311074873,6.757622168460256
-1.0,-1.0,-0.13024595429964037,-0.05104031324705993,0.9797040624135767,-0.12449776470825519,2.9028562919820664
0.5231168174428661,-0.18057978405184527,-1.0,-0.16306594009422934,-1.0,-0.5461363616210742,2.339687305331603
-1.0,-0.3744613364965521,-1.0,0.42063367043895283,1.0,0.06546613200552226,-1.8767936985920306
0.6282300251302337,0.8944422498240436,0.7346315887285781,0.4043916637191569,-1.0,-0.7852256209383087,2.651999122100064
-0.5422981714456658,0.11540439578748674,-1.0,-0.9027033420380274,0.6143267461191031,0.4263000647027345,1.7045138794465222
-0.1728936634721911,1.0,1.0,0.44579240014410915,0.1301991461855404,0.3266742783881803,-3.7891250927760547
-0.15509951791604704,0.12189296063177812,0.014505007700811645,0.0443999587940499,0.049675500708756815,0.594772665064393,0.44000217642767653
0.6874814104894784,0.40954063712270283,1.0,0.09909765509924218,-0.013750687457377953,-1.0,2.0192952891362834
-0.2252557221574102,-0.4455260675117506,-1.0,-1.0,-0.32102954534329353,-1.0,3.049805648770346
-0.6220895565795492,-0.070285797399253,-1.0,-0.04923107920391523,1.0,-0.8958409708171793,2.2883219611168673
-1.0,-0.39515386780741324,-0.15503320635603424,-0.2964422928779492,0.38032976576173033,1.0,1.7915990645404167
-0.4821517761533126,-1.0,-1.0,-0.11225528111533328,-0.2004026722076355,0.13980343733736983,-2.8963737764215236
-0.642485854264504,-0.5609931907122809,0.015026010683150903,-1.0,-0.2032684432270595,1.0,-0.7486306137004055
1.0,0.7165423945285436,0.8537173626386803,1.0,-0.6843448673425685,-0.7792063069519739,6.438397688761776
-1.0,-1.0,-0.28499915347572324,-1.0,0.12241510415792228,-0.3586653419222974,-0.9075067574520784
-0.8761603084568409,0.09504942214301942,-0.2692433144252294,1.0,1.0,0.29494860408077006,2.8135514086562887
-0.9052243859385753,-1.0,-1.0,-1.0,0.4047055524252208,0.6235585454224966,-5.600974158878019
-0.03564114718445632,-0.8613692150796541,-0.9775763222014038,-1.0,0.6214538423144462,0.9132061302515412,-1.398692396686505
-0.02031320763495719,-0.8580935399375209,-0.5283352826783241,-1.0,1.0,0.6663136272342066,-0.5452317145408004
-1.0,-0.5665817930409021,-1.0,-1.0,-1.0,0.08156751265030443,-2.483676715012356
-1.0,-1.0,-1.0,-1.0,1.0,-0.3128444159647277,-6.422058344165314
-0.11812946156220044,0.2750329349803222,0.7951351058862588,-0.3768704629309344,-0.2004635122273134,-0.4022285245120616,-0.5880310858894439
-0.5421496766434564,0.5674051090579868,0.9217428141064534,1.0,-0.8753934715890299,-0.2919002728168254,-1.2032288038310697
-0.7925195876795363,1.0,0.39202867010721737,1.0,0.6007907491964162,-1.0,0.07903654680332795
-0.19034852511273104,-0.655861880091984,-0.675163706750786,-0.7968186991413198,0.5312193749832445,1.0,1.7797940439323554
1.0,1.0,0.6358001856777679,-0.48612197236333965,0.6102815624517788,-0.8467670782955729,-0.93267155234013
0.8022244569290546,0.5828765807858207,0.46216264131824025,1.0,-0.2950057417487698,1.0,2.4283921293078183
-0.08776948803953454,0.6856668854900455,1.0,0.3028867467972294,0.35198228175013635,0.9483088387550314,-1.1519287458167484
-1.0,-0.7930096392085346,0.6272611572996163,-1.0,0.15686507189651644,-0.24019960778485955,0.19125091661640914
-0.2829148390051003,0.10920420913658357,0.525490170097123,0.6438118555385991,0.08983956009470251,-0.4709706548393271,1.0598105272250216
0.5045545188167918,0.003175989215735975,1.0,1.0,-0.5155754513503383,-1.0,3.6565326577207244
-0.061946653370945626,0.7028153050826921,0.6131398296032852,1.0,-0.010683959505288623,1.0,-0.3238742996304377
-0.1543361283499597,0.7351104542501494,-0.6264135281217914,-0.18541638084615242,-0.11498178453018304,-0.8899649606474304,1.6916398210739116
-0.382146085425697,0.06253093239355428,-0.29561548880899213,-0.20631320369545142,0.8534318194887718,0.9151512187701816,4.458112186026503
0.11918973599657234,1.0,0.06471154372761545,0.5157508061955146,-0.5632042008909035,0.03922019184353301,0.8928184234217604
0.6675689815331467,0.9324546642376075,1.0,1.0,-0.37335423185371475,-0.21526770718854055,-1.1901750904457165
1.0,1.0,-0.015768827260509877,0.9747433781130262,-0.19208476372196015,0.028373872372408848,1.922255636537214
0.021418827004565655,1.0,1.0,1.0,-0.14236599568076108,-1.0,-0.43369304934962705
-0.8988858330367597,-0.5599108519970069,0.8196155438304338,0.5473957852167494,0.4977371757386642,-1.0,3.543800163252243
-0.20296758842243534,-0.15090731377085376,-0.01701444012389619,0.27945406152846386,-0.6688763274614292,-1.0,1.5114032243708473
1.0,1.0,-0.4165189094795054,1.0,1.0,1.0,1.0407573913168642
-0.2854167137648988,-0.4294536979604515,0.8506757250106987,0.19550526147421343,-1.0,0.273387414879177,-1.5753858475784739
0.8433515492491102,1.0,0.3666237153909828,0.49234592988080966,-1.0,-1.0,6.764510025596144
0.005934377452858297,1.0,0.49194944211754577,1.0,-0.2860379369508832,-1.0,3.1606874635092166
-0.08579895697532469,1.0,-0.08946523365978165,1.0,-0.39992950284759854,-0.1946589984779057,1.5107723074047452
-0.9431509726886834,-1.0,-1.0,0.6648607709594323,-1.0,-1.0,-2.189901187175968
1.0,0.8457813445285385,0.06352779722742086,1.0,-0.37353509776481075,-1.0,8.35144775314188
-0.09702914796761097,0.061292919121546885,-0.1990806800825492,-0.09689653656751385,-0.6471681762916068,-1.0,2.3813757990971847
1.0,1.0,0.6529860128571174,0.8827743472193743,0.02186912566972457,-1.0,4.787645815140758
0.5698020034981025,0.7354359363509783,-1.0,0.8107109323119844,-1.0,0.7796847841786252,6.184784710963539
-1.0,-1.0,-1.0,-0.6977810309097805,0.3294539440185079,-0.5821364947146049,-2.279830759200238
-1.0,-0.6986482992107139,-0.4251211476936248,-0.7758210549977687,-0.9085621053823589,-0.7006257459533263,1.220728458672348
0.029572345064774574,-1.0,0.09083667157870695,0.23327051509822633,1.0,-0.6412099107912828,0.9690459385109095
-0.3103215835750057,-1.0,-1.0,-0.2561954762846037,0.9679623688609397,1.0,4.154854809712383
0.028327883101859408,1.0,0.25430250686641703,0.13012729225654646,1.0,1.0,5.042077684523714
-0.2960186033111015,0.02291979717558984,-0.23055759445762403,0.8964814364025041,1.0,0.9400017332632047,6.400918137933677
0.16023421417359518,1.0,-0.12300270504792665,-0.013816924235549033,0.6610858730014887,0.22269996644574033,1.1952157455337722
-0.4092831515651918,-0.3988544830120663,-1.0,0.07073413542162277,1.0,-0.2735441571410778,-2.2228991955441306
1.0,1.0,1.0,1.0,1.0,-0.5167188959207936,-7.67166866094082
0.6185273277361953,1.0,1.0,0.35856890342013004,0.7506163023687819,-0.5833889191559654,-2.8376220245042836
-1.0,-0.5285338267295403,-0.8886331937046776,-0.716458788078356,0.04633440041609016,-0.15036978003861046,-0.5513658179038152
0.09932458426567799,-1.0,-0.5827388112428196,-0.027077250155614907,-1.0,-0.023454734642977357,0.38720132696297604
-0.7197910971316317,1.0,0.4946846839740635,-0.33672433921644707,0.6086756246891443,-0.29644819470757255,-0.6841167901922565
0.10736600268761409,-0.19232207616340669,0.46382915410875303,-1.0,-1.0,-0.11847848681865991,1.9761124497440703
1.0,0.14502486648900537,0.2559823332701162,-0.27302603266100595,-0.17173686425577706,0.9208362288298004,2.406521692307552
-1.0,-1.0,0.36795571835138174,-1.0,1.0,0.7424336134042009,1.2513104697756885
1.0,0.17712998648154998,0.41319720815243394,0.5687301458287715,-0.5411813321091664,1.0,3.880999135259362
-0.6582183622162115,-0.58602416484578,-0.10289740046985352,-0.6350053940578927,-0.32698582623328476,-0.13271287209838756,-0.23823910795723627
1.0,1.0,0.8887847653068711,1.0,-0.9485275560332187,-0.46721342110459885,6.13878098970735
-0.6092840699877798,-1.0,0.37221167950646217,-1.0,-1.0,-0.2943263337414057,5.197626590413541
1.0,1.0,-0.5959466238126807,0.41106537577706737,-0.7491346434457743,0.35109135288526183,4.731802975228878
0.48147565423293215,0.39798472225931336,0.5038089118264193,1.0,1.0,1.0,1.4554564521444853
0.4863604935111634,0.04280934562608474,-0.14227280599326952,0.05152830831136923,0.17147638802796017,0.347636993971955,-0.12665575595499254
-1.0,-0.8430388536961375,-0.7774212122457729,-1.0,1.0,0.22587011501808396,-2.687430578996351
-1.0,-1.0,-0.7283186740874086,-1.0,-0.20961152157615404,-0.6491816985604245,-0.021071076360695717
-0.5686115028372299,-0.6744822362417061,-1.0,-0.26620262702631947,-0.5912185007436369,-1.0,3.663924593226012
-0.14732803366946107,-1.0,0.525984952230615,0.27131861010649894,-0.9575416093814355,-0.08416853320764228,1.1656018517733422
1.0,0.13751954169789093,0.3933477699158552,0.6063706281734982,-1.0,-0.2677259936527867,3.3794225640001097
-0.7498743632810381,-0.6703395625233322,-1.0,-0.7675399182514733,-0.9592906294502459,0.3271522470210052,-1.590325592970076
-0.8350699395710323,-0.2779969360558716,-0.7705629717599216,-1.0,0.5896235929271462,0.7576416038813625,2.0744010906889105
-1.0,-0.2816402893501574,-1.0,-1.0,0.5646258827479671,0.3757233680113574,-1.2274989885088634
-1.0,-0.7114870246211531,-0.622152490043069,0.48097105286073394,1.0,0.6086931405996224,1.6288045141320762
-1.0,-0.11854073501851303,-1.0,-1.0,-0.735908205477339,0.22581202282704763,-1.62946510566116
-0.1274520040622782,0.7331127642523074,0.028810575443041497,-0.7305869066869715,-0.4169427764072593,-0.6524802618373309,-0.438372798271993
0.12126011626120814,0.578389925140948,0.24764381116982537,-0.8350216747685228,0.3767507234309355,-0.9764739463067786,1.128067942607658
-0.5466388318692077,-0.11618126797634565,0.2709791516674289,-1.0,-1.0,0.5266659893316297,1.0715562662205969
1.0,0.5976996339368701,0.9496502530327349,0.711854969402919,-0.0707156316959561,-0.0303369433337064,-0.012795158936257447
-0.5874308488054711,0.012253589315748048,-1.0,-0.25665372526417307,-0.24077346056509596,-1.0,4.545751071592942
-0.6621168205011947,0.8873976198189779,0.44461387900335664,-1.0,-1.0,-1.0,-2.0949141215048335
-0.06524506724368084,-1.0,-0.11431932190075256,-0.6826115119167631,0.2795415887803713,-0.04779856916133335,-0.6326138961616568
-0.3066563011522141,-1.0,0.9377668843601074,0.5285890434684899,0.5686409335520616,0.6892986413594183,0.2985563370086093
-0.1465600104473319,0.5659569548510677,1.0,0.15445871626070418,0.0020238790074246227,0.08143176893280624,-0.2723935256804249
0.1003627421778368,1.0,0.133752455775489,0.5204559730503056,0.14673249669151034,0.16767836229402833,-1.0296782543695486
0.08186852496745023,-1.0,-0.09351746701924668,-1.0,-0.7184067984416032,-0.10247773058119858,2.9491860387704096
-0.48484944969954347,-0.5625971502127474,0.055303195750377454,0.705528341491845,1.0,0.3520748978845225,1.1665742612943062
-0.4935552025580465,-0.16484391292196343,-1.0,-0.7616716640555004,-0.7103518643392698,-1.0,2.8612802593961897
0.5757596158306895,0.9353744757903064,0.3123276975392686,0.42254339604996105,-0.8835071301409579,-0.18696890502784524,1.5379839092858936
-0.19778398721633428,-1.0,0.5453813780377705,-0.978657403809007,-1.0,-0.8290626646624353,8.863885527844142
1.0,0.9165469716092229,1.0,1.0,-0.6125377759584001,-0.5697548009027362,3.8386390416869394
0.903622445789403,-0.2816166103092068,-0.6566419392864722,0.9403084458109745,0.3746935927710934,1.0,3.26113847916097
1.0,1.0,1.0,0.34114265639411245,-1.0,-0.8965624718781321,4.027068636857443
-0.16369930681587197,0.5036481971249557,0.11198352189706332,0.8654061334152537,0.896304076690472,-0.971201510442872,1.9237611544871436
-0.11384268809761089,-1.0,-0.358881068374655,0.5385341126618757,1.0,1.0,4.150750680421669
-1.0,-0.41803715250691514,-1.0,-1.0,-0.7136632639032435,-0.15448943148820393,-2.186362400410217
1.0,0.6343305056780741,1.0,1.0,1.0,0.42067620759343494,-6.808093347408254
0.7235757754501504,1.0,0.26869989746956324,0.6716522174595707,-0.17661775407411862,-1.0,4.193685240511566
-0.10187638554179416,0.47623300843702576,0.5098604164086167,-0.10853229495683822,0.5005902052382345,-0.4530758481811464,0.36432824834146643
-0.36876738816917165,-0.3997432305596322,0.45233882509611023,-0.2609151539783101,0.5591884950549486,0.01666049853174545,0.7659023425293287
-0.21610419378511458,1.0,0.9423272678486244,1.0,-0.3717026230870202,-0.686210137118212,-1.1147903876999044
-1.0,-0.15342323765099053,-0.47174641209708823,-0.963557270885629,0.7850923879702293,1.0,4.94032752795992
0.33184681642737446,-0.027342913040381833,-1.0,-0.8814768916559106,-0.5932132213406552,0.5670315423660264,1.9752019185350267
-1.0,-0.9957786783685734,0.18798633223709615,-1.0,0.5622050557554388,1.0,-1.2016364661179555
-1.0,-0.744980769968027,-0.6896005767168227,-0.79958816989033,-0.6383682876785788,1.0,0.24913894529807318
-0.6128238185649107,0.2273627948332585,-0.13807979705962675,-0.4487793845905914,-0.7434711504764062,0.3278353089979106,-0.9175367408288314
-0.30315528224711163,-0.8520380051106855,-0.9171041384391261,-0.9032040418103119,0.6967978217299229,0.2857851645707007,-3.635571935708462
-0.5264426581801164,-0.3791250765054601,-0.23089159875835474,0.7903597609428898,-0.2868595344908329,0.16655125918440566,-1.2716268189283464
-1.0,-1.0,-0.7081916374471495,-0.5115604339085031,-1.0,-0.192518741093477,-1.6589401047882855
0.49899314369529413,-0.08873848748091959,0.27413086124577235,1.0,1.0,0.8856609321556346,2.3539829163952795
-0.0755616994575915,0.6958703146278111,-1.0,-1.0,-0.26262580503098126,-0.12904124548702678,-0.8663328088913824
-0.6221487641777836,0.05404847878194419,-0.2507188914005908,0.7853453529753468,-0.02135058988036892,-1.0,2.286682610224075
1.0,0.8685140470170349,0.5224072233717778,0.7831113916713435,-0.6921131053241742,-1.0,7.82840672205142
-0.591888690176857,-0.6218224730690163,1.0,-0.9312055442578111,-1.0,-1.0,2.720862029395658
0.2582236042743191,-0.7471216625054687,-0.812295284673748,-0.2842688250579154,0.6186014874576258,0.4805796028431515,-0.906387382184994
-0.3614067918350541,-0.6510450071568146,-0.026740835058771673,-0.12465853131598559,0.6239175707340929,1.0,2.52812459859435
-0.8209693922133607,1.0,-0.25715760954782696,-1.0,0.6317103563334603,0.3675068324691424,2.9980109656012157
0.12449494023784724,-0.8780839277501723,0.6475498303593779,0.43783517433741875,-0.3436506098426866,0.43967517455958016,1.0653690280342696
1.0,-0.4735932528027034,0.19335947684450172,0.10317419616402146,-1.0,-0.25206875815412344,4.466870770566202
0.39519748287336387,1.0,0.7964861525908533,1.0,0.9571469303227119,-0.3777165762118503,-3.872409460001905
1.0,1.0,0.16227293214410632,0.18235546882324938,-1.0,-1.0,7.240716437134915
0.6317118750235353,1.0,0.6037806349191395,0.0442148410124541,-0.016005839559631974,0.4346315844940977,-0.8556116961283398
-0.24209571416277798,0.003600142819832508,0.1287054510240393,-0.5068989490280369,0.6373497845956833,1.0,3.499119035249501
-1.0,-1.0,-0.06831707464299944,-0.3801570503876568,1.0,0.21160802318417318,2.523447263004127
1.0,-0.27374059686349517,0.7849423079727362,1.0,-0.5175236841705855,-0.3193955330957342,2.2552875939781907
1.0,0.6549332403043394,0.4892598310379273,0.4945915725491693,-0.39894196253804626,1.0,3.7165757116051403
-0.5376962270662569,-1.0,-0.17724558432137333,-1.0,-0.1784440002753669,-1.0,4.524015208653335
-0.5156001545388784,0.19642113119224372,-0.5979042130606664,0.24237811538446097,-0.9416205603310064,0.5567977574430945,-1.2905653216239985
1.0,0.15661000578753104,0.19018019254581797,0.14206445774467963,-0.4713089870696231,-1.0,6.786040943549359
0.8454482836243018,-0.6756983032763526,-0.763874228482406,1.0,-0.988651505069585,0.33231531572595874,4.433502258314691
1.0,0.5725600035401788,1.0,1.0,-0.2584722090086239,-0.02720074413927004,0.9394019977342567
0.7610175719881904,-1.0,-1.0,0.3412687538945408,1.0,1.0,-1.0001762228808166
1.0,1.0,0.6717942037142729,-0.46437206698420025,0.5871765353778189,1.0,-0.7662065986763812
-1.0,-0.4496330958828807,-1.0,-0.4436323236586692,-0.39512034384141415,-0.81807254640593,1.4163412652785872
0.32224910780177507,0.009636441213609181,0.7557410610615684,-0.09080233771359902,-0.26416625583203823,-1.0,3.3580811352303432
0.8067005677262122,-0.4879546176376053,1.0,0.13723243603415053,0.5945908857382627,-0.982367830529837,0.7076518918507445
0.7411979050163442,1.0,0.7884935411305627,1.0,0.8328785659281761,-0.2032438991499044,-4.5132358564686665
0.8984125248664516,1.0,0.6117843728910056,-1.0,-1.0,-0.972374043943556,7.0240479421146045
0.7449154784044805,0.3245942730907662,0.6014321762945245,1.0,-0.5762985994891834,-1.0,5.707700822444975
0.4550156364093032,0.5017003916296475,0.5669222196126349,1.0,-0.20776158000881628,-1.0,4.892365376676727
-0.4613152542780765,-1.0,-0.3487384414325143,-1.0,0.7991305220734941,1.0,0.2248846945194788
0.6885149749424957,0.19630500883109647,0.305236207478611,1.0,-0.6320089084413765,0.17643102599324817,1.5425654997868266
0.46649010889836473,-1.0,-0.6465773424406076,0.15201516351617902,0.7327573269068555,1.0,0.9134321690566196
-0.23105700928790773,1.0,0.26169139539805186,-0.25307588691801847,-0.7179644469619002,-1.0,-0.6115450396334534
1.0,1.0,-1.0,-0.5822067005998747,1.0,0.1298579867886457,-0.1589004768939709
1.0,0.20148955941428137,1.0,0.03373694404690819,-0.15832296524954412,1.0,-0.8649635550496089
-0.6328095268912711,0.31539746756513143,-0.11130907519693646,1.0,0.6287875320768639,1.0,5.897228368215416
-0.999986570927804,-0.7774045666536908,-0.21506447380925775,0.0671766867747276,1.0,0.19605453874004763,1.7349955061351439
-0.14033687544848317,0.27637675640806475,-0.7526524723721884,-0.19913382236484023,-1.0,-0.46063798988511273,-0.4993185114005322
0.01635982769102884,-0.41583829140915884,-1.0,0.4657421109548103,-0.6964508039555358,-1.0,2.4622421982781257
-0.8245703220291081,0.03024253122836923,-0.27409835059739335,0.3497643025279595,0.25201199503304406,-1.0,3.1032844138659046
0.3729343692946636,0.2593214757114293,0.5902108067105287,0.9916760892165937,0.6571893345014248,0.48535405869059356,-1.9742694547629989
0.6089622168828714,0.8425795714129981,1.0,0.39506299078407625,-0.244394375169026,-0.36802958714097034,-0.9939307476021988
1.0,1.0,0.31286620673206,1.0,-1.0,0.5646905746429463,4.164009817925565
-0.7251247621356116,-0.527794468372809,-0.2110379319877045,-0.10583777378091277,-1.0,-0.5619889911353008,-0.6970103145351477
0.1145312143084033,0.5703070793774674,0.660639943033288,-0.5816764528571596,1.0,-0.8451951903134969,1.0091022118544462
-0.5562692383408769,-1.0,-0.9297045362972692,-1.0,-1.0,-0.6068779989964403,2.1588376277974373
1.0,0.03301330670498648,1.0,0.6162845640777725,0.8596440145364772,0.023481940424246894,-3.2532294053256985
-0.13981005518801892,0.2665811625180008,-0.20781724084326436,-0.0063934082862124875,0.2826081782078653,0.8049866733171527,1.4380349178681202
0.2538356388959905,0.11702961341922957,0.7502604596465328,0.1903259679997244,1.0,1.0,-0.3766474590239154
-0.31680342423008323,-1.0,-0.6660577002936348,-0.9962346999546886,-0.04952501938967535,1.0,-0.5272273992197397
-0.8463183233568274,-0.6301484063181155,-0.969584165404382,-0.11404103962820289,0.7674248154685407,0.24699021926791376,-1.2705664822317482
-1.0,-0.03453585366960077,-0.3477084929416381,-1.0,-0.6377781144043754,1.0,2.181749558117157
-0.5556128660826154,-0.8252824257180235,-0.41107474153771995,0.3929696910144527,-1.0,-0.8917722559812273,0.10977807484591676
-0.5944436975319487,-1.0,0.33616507565946646,0.3448221511167664,-1.0,-1.0,2.4886157005087233
-1.0,-1.0,-1.0,-1.0,0.1562466489400467,0.3481694974428286,-8.027859865486636
-1.0,-1.0,-1.0,-1.0,1.0,0.403242013389878,-7.211614525338279
-0.4628832041787263,-0.8512818475755755,-1.0,-0.9752701839251754,-0.05620406523632926,-0.21533946954083427,-3.5726443124471583
0.2649591408981936,-1.0,-0.48351953170388073,-1.0,-0.9887964769455039,-1.0,8.54353367612733
1.0,0.5139055965004846,0.8587957869565068,1.0,-0.27524484297602636,0.13179113119734565,-1.0965199585262568
1.0,0.8764985697247496,-0.040133865359713305,1.0,1.0,0.7698624671237926,-0.5755105315366565
-0.13277772538571747,-0.39940011522042085,0.018154059238666226,1.0,-0.3294204579290638,-0.2812177558363207,-0.06999030309717105
-0.09979395976199232,0.11826187671830835,-0.8312286798508552,-0.9198810788284391,-0.7454964145664411,0.20858603666201314,0.1351027928513293
-0.8793833303881237,-0.6413322397046013,-1.0,-1.0,0.6782206775783703,0.9185709309637735,1.3965972576651153
0.1676557091341737,-0.0022447740461504218,0.5332984443800766,1.0,0.5424834892048491,1.0,1.7138921032289902
-0.6777939929206591,0.09361707574897554,-1.0,0.9512015173506922,0.17457149369826958,1.0,7.431570265465393
0.13007234078342744,0.3185090642363717,0.9445138704766078,1.0,-0.6299907670824715,-1.0,2.2483653848189054
0.16321047656397425,0.7064818614393717,1.0,1.0,1.0,1.0,-3.685200239731682
0.651637214147091,0.5300695242918978,0.46908138927840587,0.5331817922555016,0.8211533929395545,0.86570655299474,-0.4023009256403848
-1.0,1.0,-1.0,-0.26569862071632816,0.32530056103626404,-1.0,10.208947851518504
-1.0,0.45567109044796084,1.0,0.4578808219184365,-0.6753292357048197,-0.48833438623600545,-1.8395744923768795
0.17067921012209286,-0.7379428220043326,-0.712302737980089,0.6364098247412224,0.3642374571341709,0.1569020199418601,-0.8383343847956821
-0.7628510357497627,0.05342320203401352,0.14029431931529612,0.17300914654773059,0.2730455356793352,1.0,2.7686073688076105
-0.9735011590402882,-1.0,0.25230434429885423,0.9642556078575667,1.0,0.7471157039545328,1.8279858451280737
0.620379233319289,-0.9079432739514472,0.40694366983520336,-0.01437973338387033,1.0,-0.04546159407608344,-1.6311931877998584
1.0,1.0,1.0,1.0,0.7946777713091736,1.0,-9.150079851168046
-0.05196389257086809,0.08423194580007043,1.0,1.0,0.13230179304035627,0.5648267704966748,-1.5634746991890467
-0.058152975179478816,1.0,-0.7421076259960263,0.703401521340599,0.4880946919085061,1.0,7.276007815716272
-1.0,0.9534423378499952,-1.0,0.2916478619200504,-0.032997175062158435,0.7202681894002336,6.358663001884177
-0.4566503243954252,-1.0,-0.5755826378939453,-0.04116962709838523,-0.23514577086217425,0.041190129039800794,-2.043134592120827
-0.218033545275791,-1.0,-1.0,-0.1061949079081086,0.8025739372500948,0.4359594152551237,-2.402757730354219
1.0,0.8985124589996512,0.2471196013646424,1.0,0.7641567128390342,0.13124458553474927,-1.139636482067923
1.0,0.14498726437553427,0.7849835307774465,-0.034204407759642674,-0.2834928448227716,-0.6172858552697094,4.04921970210416
1.0,0.15225913096622667,0.19804447714588697,0.08764811878761686,0.12036206069170662,-0.060858106315730076,0.14500448771336485
-0.17733491933925583,0.06645616656584735,-0.6187979350754722,0.10592124190453311,1.0,1.0,5.894028662907741
1.0,0.9944862471421343,1.0,0.7437806307757564,-0.5910835253241288,0.2944926764751743,0.2582704987886579
-0.30392671243132907,0.0915292696017293,1.0,0.07433449632431852,-1.0,-1.0,-1.264846035440493
1.0,1.0,0.22884575485879316,0.9713609530272556,-0.4341251746700918,1.0,4.227479461973063
0.014714864959728624,0.7394798964340588,0.031668677827011216,-0.39337959843385806,0.134568966423666,1.0,3.8180812765771797
0.23783139006052179,0.024269901510667713,-0.07888721383114075,1.0,-0.5328945153706768,0.26791315044787845,0.33473015042735
-0.8769080969185981,-0.09151486304517786,1.0,-0.25761411004848767,-0.6877213320609152,-0.2859516355367254,-0.16600769069443144
0.9139728277682846,0.629572538300281,1.0,0.36055351625598964,0.290708445128415,-0.41876754498729674,-1.3692518352198102
-0.0397644666351773,0.06568623553282488,-1.0,-0.6189412670338748,-0.18211871376330807,-0.6374096395525009,0.4652668368315319
1.0,0.7895904618427732,0.9084204747841753,-0.7165581627659697,-1.0,-1.0,6.223235156544221
1.0,-0.2529474477028901,0.120586081590917,0.3014591981973648,0.12231422458932584,-1.0,4.909969624167764
0.8379286939819539,1.0,1.0,1.0,0.19572026222831007,-0.44531555039256143,-2.203036936664507
-0.26076523910806854,-0.37713907418141634,-0.9012220130949866,-1.0,0.33334096305896255,0.5473015855444113,0.7071780645558692
-0.34547865537356265,-1.0,0.13010528590283754,0.14399932880831018,-0.615972669702633,-1.0,3.7990068061265028
0.2142961062160982,0.0367503555159705,0.31078582069107696,0.8291686370083436,-1.0,1.0,3.6753542763013254
0.031452341918768445,0.9252370897252915,1.0,0.7962977204007505,0.10898103027606894,0.6096808154211807,-3.796982471447637
-0.3486936960696928,0.12324582797459427,0.032950478249306525,0.8997561250954739,0.4674236891087029,0.442811516026503,1.1810527279649972
-0.723841636548858,1.0,0.7261025701884299,0.8328978360431113,-1.0,-1.0,-0.6904548870472007
-1.0,-0.8374263393551857,-0.5607017966904108,1.0,0.6097120342495623,1.0,2.6200659630249827
1.0,0.2902584662282157,0.056382363755859144,1.0,0.6520605376545103,0.8725346274719683,-0.011281432044653927
-0.34398235339551286,-1.0,-0.7275039371149632,-0.21767525246130892,-0.32289802171549653,-1.0,1.8037491585156078
-0.7721955405303493,0.5833346708923037,0.8710984870828133,-0.6002511118694287,-1.0,-1.0,-3.663609091438717
0.2084348584493913,0.9881617520999735,1.0,0.8295948108369549,0.6321264902998693,1.0,-5.418750894562745
-1.0,0.3107306653730473,-0.24342195331305996,0.1211823954977882,0.3328063015786871,-0.7992079229233212,2.8709450256893634
-0.48572005542968294,0.6824341629166859,-0.2626028858085681,0.48564571795633127,-0.22993028582580805,-0.7198075081779032,0.48095898854530744
1.0,0.7606220821545121,0.7561902027043768,0.7218078173444045,-0.7382604402939303,-0.39860621019389086,4.133336451232813
-0.4228369377775273,0.4796422195382023,0.001415233178246128,0.3294669168647817,-0.29905272150660944,-0.9731527725282265,1.6011569348150358
1.0,0.3487065549213871,0.5438906189933407,-0.06388087561598449,-1.0,-0.08492424917247582,2.6262550043713
0.3813222712312706,0.32667617423320633,-0.45915440619624537,0.7926477081571192,-0.8228223574236158,0.19911799041385037,1.557756653623104
-1.0,0.1189535519483976,-0.845453056606523,-0.9109398792776522,0.1673294722218217,1.0,5.74035286849394
0.680300733088284,-0.5791747132816759,0.49002486085937774,0.19640116280974018,-0.575416758400427,-0.06297866876312219,1.6711412945561446
0.6389723960208962,1.0,-0.2190883798760431,-0.39005315186662803,0.4921077175204239,0.24579892556551908,0.2901001659000967
1.0,1.0,1.0,1.0,0.6649510332716965,-1.0,-3.451360511609322
0.11931037361852825,-1.0,-0.4844613480018912,-0.2661058354400534,-0.7969086764137875,0.9650059958058044,2.6079426691445535
0.45988007873923564,0.25442492272394945,0.44505034787119735,-0.472113549778509,0.40285918489571637,0.5905666655809971,-1.401855336198185
0.5018096579864106,1.0,0.7020931911688407,0.6289959796914035,1.0,0.3815590110967376,-3.3765370042883798
0.8107255510136926,0.515112289338308,0.55888335271546,1.0,1.0,-0.00029326560627485065,-2.804153477264419
-0.09925327080271107,-0.5729194531442248,1.0,-0.6062785104478179,0.18966531229066774,0.09953817794919995,-0.21752861154994346
-0.9085517304322175,-0.9920469368840752,-0.7126531347873344,-0.3334183371988102,-1.0,1.0,0.5011868588346107
-0.7683944040981452,-0.41964596150310374,-0.25638494002617784,-0.7304037160738487,-0.5280927477507014,-1.0,1.8677850833779899
-0.08354810616331743,-1.0,-1.0,-0.9950011497606157,0.7301606022970131,0.29559448529948895,-5.655956122811188
-0.8201120305133007,1.0,0.8726310049760053,0.8928724430866974,0.7074378321326518,0.9763425246990043,-5.28279410995655
-0.2380342826292276,0.8539756821313189,0.143094851083725,1.0,-0.4678277026898233,-0.5123076469367531,0.699728249342366
0.46760555405826615,0.25333999917030947,1.0,-0.24362212762145033,0.885094187182052,-0.844338191704036,-0.20037304796997335
-0.4421285212443592,-1.0,-0.042255601650406094,0.1240676161282182,-1.0,-0.4867698296063625,0.783620044299125
0.21140028609131511,-0.8762039907893792,0.5572152714468803,0.7682021066866188,0.3551189795485161,0.4441693551899675,0.2927612579211889
-0.2851941035594565,-0.9403888591133174,-1.0,-0.3044732931105427,0.03389828468240769,-0.8675130634629005,0.8792378774022335
-1.0,0.5077137285889128,0.5218452367603132,0.1972949662887204,-0.8961445685313638,-1.0,-0.3789267002106804
-0.8501872028367728,-0.6729544706767023,-0.245225468423165,0.0016125206531728553,1.0,-0.19294016274314074,3.297616615885228
1.0,-0.34524668221877597,0.7466816234135714,-0.09598364767194056,0.22001842524141252,0.14866225053836807,-0.7432847673992183
-0.37261811341157336,-0.7846771110108723,-0.08477505685387231,-1.0,-0.4042757581782684,1.0,1.131086097637643
-0.5299720484269606,-0.12964972503449754,-0.7400440482260163,1.0,0.3146622942541545,1.0,5.776416423377715
0.882722057384529,1.0,-0.2111177282046554,0.3482050874478737,0.8768814664939522,-0.40336945156284154,-0.870733433561792
0.4361239787902237,0.7677072585543239,-0.34866781033246297,-0.8096647579670666,-1.0,0.5034942169082404,6.537343056338674
1.0,-0.02947074976410291,1.0,0.396855189515509,-0.10091751210550115,0.3778465404362392,-0.6793781438505888
-1.0,-0.9528322529842539,0.6371702034663196,0.25019655254402384,-0.6889802194003666,0.19086748754985794,-1.769125349940047
1.0,0.4932235509943683,0.6621505314869924,0.10831776011341798,0.05608042914516287,0.562206840393773,-1.1350799714497137
-0.8519967760722044,-0.8119166450070445,-0.19831144008692675,-1.0,0.11443052317488692,-0.927992049171226,4.346388664915565
1.0,1.0,0.38947369017815103,1.0,-0.6300353782373527,-0.7165950971550143,6.885518941651499
0.6091892820017454,-0.7320835283518505,0.34472678300911175,0.26152420023936324,0.8670217787788055,0.22085246239401307,-1.6023031919204511
0.15814877656120505,-0.07231690643967004,0.2965460155526039,-1.0,-0.061684364622163035,0.47466338509249056,0.3614923468258505
1.0,-0.23624131640659773,1.0,0.7648213812103337,0.20884512151029422,0.02895271212703232,-1.0819683695533409
-0.5119272267035966,-1.0,-1.0,-1.0,0.09604655204103774,-0.602958225271462,-2.6495707695388724
-1.0,0.26706510453111226,0.8127358530557753,-1.0,-1.0,1.0,-1.805964034326897
-0.4068175549098916,-1.0,-0.2258778790711985,-0.6650127779194551,-0.5055288947266825,-0.3777760198008159,0.3124041485846881
-0.28728639819901797,-0.8532677247293811,1.0,0.6539395521530298,1.0,1.0,1.9569013105651007
-0.7336581530553599,-0.07651174122373919,0.4317804996585156,-0.41084261731943217,-0.3828046240276401,-0.13564791861102943,-1.0610065468290555
-0.18789068867247893,-0.12152790669857916,1.0,0.4169081625351321,-0.7705481406768966,-0.7956603302812093,0.3425260950260126
0.24212918791640722,-0.8082579149772022,-0.9177602826990546,-0.5065598586083078,0.6954605541747236,0.811160740833136,-0.22306215983338923
1.0,0.6005249095208121,-0.6339181713166842,-0.4897346973747831,0.14108671929320965,0.17950854729033128,0.44546349894944404
-0.3210244121814261,0.5328360306415071,-0.7495291024495463,-0.18731972804062758,0.21997186580355088,-0.93487769395376,2.385923588454486
-0.12424967526118899,-0.13566681387713392,-0.6713559573718824,-0.5382168733813991,0.5910797063551898,0.7237146850284621,2.0286382332426776
-0.538285600529288,-1.0,-1.0,-0.4162768294285042,0.853689413178408,0.616935907020009,-1.9790836084841814
0.8713433282704742,-0.1852661045435708,0.6589608637938674,-1.0,0.26341009265480086,0.19508531837073761,-0.007133652316499317
-0.9038884332376456,0.36039616916132056,-0.5334164632837534,-1.0,1.0,0.4180290250812196,4.95544154372545
-0.5811909461975349,0.00443587846622856,-0.058863956426268293,0.004905416976495852,-1.0,0.5391569652657578,-0.5206168517309242
-0.5561508609265151,-1.0,-0.5737811567168485,0.9275360495435258,0.05893669821003952,-0.3708069593123721,-2.904970576218698
-0.317750218632634,-1.0,-1.0,-0.9374766914913673,-0.3165951112370372,-0.9743132838937316,2.944450561752153
0.020354262697664383,0.48780204874547356,0.9546805286852384,0.2562625302414048,0.06616337754069401,0.5340100366127465,0.05141476687348612
1.0,0.49639819915580086,0.4873146422675799,1.0,0.5277867110667543,1.0,-0.20506573670714096
-0.25461886720516924,-0.9092012174998612,0.15327703655339658,-0.9233247806977747,-0.8968725934151005,-0.728379463502955,5.930443068335441
-0.5420111186778704,0.24947474836815248,-1.0,-0.5999640881329136,-1.0,-1.0,0.5496855432300205
-0.9192558912039707,-0.44030996991102506,1.0,1.0,-1.0,-0.43760633413864336,-2.5165885764946645
-1.0,-1.0,-0.29700609535569933,-1.0,-1.0,0.42871780476844684,0.6070503009070365
-1.0,-0.1238135551680733,-0.8278721599454291,-1.0,0.9304375337196447,0.6708290299647738,4.326510059091197
0.3604509476877302,0.49712195580527757,0.5139435937008768,0.4724101299658152,0.40226013129640825,1.0,0.5447153516051102
1.0,0.19082557505230774,-0.40927739469551533,0.5926423512402013,1.0,0.02463925389978372,-2.2378991213005817
-0.5778094520791108,-0.5871329101390854,-0.9719367393611147,-0.4504133998992364,0.33317268567096847,-0.12891890567912045,-1.3731093959400038
-0.8940030438455036,-1.0,-0.7794798938144111,-1.0,0.5042073469982122,1.0,-2.1044076524165747
0.1723632060554886,0.29833617146787095,1.0,1.0,0.5242349875337009,0.8486987444598872,-2.5910307709241898
-0.7181253935419073,-0.3315864748702755,0.021082881859400215,-1.0,1.0,0.35819893273939285,4.3215850321927345
-1.0,0.7132864437801585,0.0569092369835319,0.2630515193000975,0.44810847727849024,1.0,3.5227135147984754
1.0,-0.14406267768586123,0.905443054781777,-0.035031265160184843,-0.4959043029749295,-0.5545994338805025,4.611739133573777
0.07532024621064326,1.0,1.0,-0.19084157046397965,-0.38481609058563415,-1.0,-2.1005057092156543
-1.0,-0.18221152612458646,-0.9736796982446252,-1.0,-0.05505114541807443,0.6356672581593592,1.0903586938848089
-0.4506383499743931,-0.09357439522758937,-0.31449258029535887,-1.0,-0.18956929374890813,1.0,2.94749297605316
-0.3993273293223374,0.27763103541840894,0.067822293611424,0.34534204531419843,-0.1742082949894629,-0.5826524287822906,-0.06475017758911694
0.7719386773866828,0.9695090238108959,1.0,1.0,0.2773699183185364,1.0,-6.266316865814899
0.35358169037928033,-1.0,-0.3793794822129335,-0.3339264073049538,-0.6151972727933015,0.29954746190029646,-0.049609862799208704
0.1372436983468801,1.0,-0.023657776826317783,0.34711753288411107,-0.3747425193114611,0.4889671762206717,1.622481033157388
1.0,0.9357362667396791,0.7965146419781373,0.5198060173157311,1.0,0.20651741649099709,-3.855799061446353
-0.5362147058194631,-0.06325236051397742,-1.0,0.7359992591727724,0.39421965810275705,-0.40911261256189113,-0.7876784844568634
-1.0,-1.0,0.3605810020267495,-0.5660111664144778,1.0,0.7568052819219429,1.1379571267067776
1.0,0.5032033807817817,1.0,0.09184167133100682,-0.04738615098099974,-1.0,2.570293083446651
0.7273556192620219,0.5434634740929383,1.0,0.45233657245511205,-0.5283982439496222,0.4823258412312594,0.0893976432432039
1.0,0.5371736021937956,1.0,0.35193559900388655,-0.5490951862678594,-1.0,5.06618806739539
0.5941979625495124,0.7125202542243307,0.6965805979989161,0.7413764860401457,0.007001390801642693,0.2513301023079657,-1.0136873215970643
0.29418148824840884,0.33278979553454624,0.19055804443733526,1.0,-0.08144744208041843,0.557410671193229,-0.1386291979805866
-0.7640926829511551,0.11780966553502575,0.4468720710025519,1.0,0.32913095433569506,-0.008479897779176182,0.19696619266158769
-1.0,-0.08724438744315799,-0.3274328038532085,0.26538966858124186,0.5367015432794315,1.0,5.0520356707962
0.3913638166350719,-0.8977730868018002,0.9288371085641574,0.8735028008307005,0.8636538162857959,1.0,0.697839363299023
1.0,1.0,1.0,1.0,-0.9023868385677652,-1.0,8.736387995848675
-1.0,-1.0,-1.0,-1.0,-0.4774564751692607,0.0891149164808338,-5.390697961513521
-0.3805750422705534,-1.0,-0.8014555461029131,-0.8606139686651315,0.6200939915379492,1.0,0.8439693639144863
-0.5171817266040124,0.9696021684057157,-0.7444734005451629,1.0,1.0,0.16659416250287606,0.33389662218882993
0.2588349263235057,-1.0,-0.15321277314441145,-1.0,-1.0,1.0,9.663773424401583
1.0,1.0,0.30981953249571625,1.0,-0.5527954087729061,-0.22246339016555255,3.87059281219632
1.0,0.26521682219954945,1.0,0.842539349732955,-0.8187073782380637,0.06630608306367453,3.429832973660817
1.0,0.653573990787208,0.7794971265412649,1.0,-0.10938436085625264,0.6968349963094387,-0.39402469122870387
-0.538152947947053,-1.0,0.467265943120608,1.0,-0.7152520555853685,-0.06489077283210726,1.3446501734970002
-1.0,-1.0,-0.18386115619425536,-1.0,-1.0,-1.0,5.299623506238259
-0.2714076922692086,-0.9483072923476215,0.25833547374049726,0.7673620911027175,-0.018119413151272523,-0.6818241666729368,0.7472869992901016
0.09806487167952826,0.2509032103245352,1.0,0.19943602263789728,-1.0,-0.8557928620885312,-0.2088714703072162
-1.0,-1.0,-0.3173927503182859,-1.0,-1.0,-1.0,5.587035764008213
-1.0,-1.0,-0.2454493310713335,-0.9252783999698214,1.0,0.5904650569251357,1.458127473529652
-0.2120126012631517,-1.0,-0.9430210734593307,-1.0,0.5133397734313155,-1.0,2.1152030671170365
0.1803008064833157,1.0,-0.01312810527525432,1.0,0.5036209666800834,-0.7082773817327975,1.0944080335371913
-0.059883365610885586,-0.5861708627733319,-1.0,-1.0,-1.0,0.14416071583744255,1.2325539939592496
1.0,0.3018120775815267,1.0,1.0,1.0,1.0,-5.347236477473531
-1.0,-1.0,-0.4910344453430261,-0.6036394381388224,-0.4163832239236638,-1.0,2.7239322731067834
-0.8295097576440661,-0.34295581763074284,1.0,-0.7422703496721164,-0.7670326276254176,0.018985763095393182,-1.3804362027594732
0.63197378594058,0.3991814554098651,1.0,-1.0,-0.05036724202686982,1.0,-0.7456976740985878
-0.07665994619084249,0.047797144961325866,-0.9972996957474569,0.9146070682826701,-0.34000220453424046,-1.0,2.859260616957169
-1.0,-1.0,-0.9336046314961717,-1.0,0.8963379971616485,0.8620766227305842,-3.3917968158580876
-0.3096058180898442,0.3643162052735168,0.3140976800502029,-0.20356080486468225,-0.39853969551048396,0.6706708186974482,-0.4612964710346532
-0.8147889183922903,-0.33505277705207076,0.8444701240878074,-0.20070383799114278,0.39442940061077336,0.7250147139102405,-0.9131460472246307
-1.0,-1.0,-0.5072276513320628,0.3416805034149737,1.0,-0.5339685532089503,0.7278861495097346
1.0,0.06463768817043625,0.27052192923589424,1.0,-1.0,-0.38125467054140216,5.24560060292526
1.0,0.5395460642461278,1.0,0.41199419506375035,-0.5380356514934199,-1.0,6.391531506556963
-1.0,-0.8875649489264852,-1.0,-1.0,-0.5133019878549386,0.22890256807292364,-4.303734810352747
0.6465994290224165,0.2736005641264713,-0.0071997436557783845,0.5874828300204967,-1.0,-1.0,5.466116561180127
-1.0,-0.054844182067898206,-1.0,-1.0,0.9476249985120732,1.0,8.71995702698854
-0.16772979269713884,0.33276862424519527,0.4771397021825189,0.18200201501565502,-1.0,-1.0,1.0616393887288753
0.06297615793516063,-0.9757532421014898,0.03699092281380206,-0.8514503859840858,-0.8387360645040409,-1.0,8.02372272651704
-0.07195502140847893,1.0,0.47608855742779,0.17469718775787435,0.6119857051057549,1.0,2.0663734288114157
-0.7320774970886508,-0.8030518879328219,-1.0,-1.0,-0.6555097886016685,-0.5706006327640685,-0.217779225236909
1.0,-0.23305549799698655,0.13977543616054572,-0.8079762238748645,-1.0,-1.0,8.91404995117379
-0.06669756369263113,1.0,0.09520967374662592,0.5024075963193617,-0.9186077374014264,0.5934190800018064,0.7465250078866362
0.9665676738217628,1.0,0.26329465039745503,-0.646561916781291,0.7380104723588459,-0.7609253384529563,0.07531854203454502
1.0,1.0,-1.0,-0.0037674353797369775,1.0,1.0,4.791004344269776
0.8314432356240766,-0.13402876517308465,-0.46919635061052023,-0.03604724031127182,-0.06935201473944036,0.366024400494955,0.5399942828753119
-0.49514753896365016,-0.4444297328527671,-1.0,-1.0,0.4899852083138443,0.1623968574757595,-0.9179377177136983
0.845974210095306,0.5162970337742483,1.0,0.7408305736806853,-1.0,0.07955976102858997,1.104409839552813
-0.005720790188512903,0.6182838401980921,0.594429526594026,-0.8088468757902664,1.0,-0.10676674894500346,0.2614570184343584
0.3865629890152723,-0.5753665740042302,0.8986849375171295,0.29751297583665604,-1.0,0.416625863778845,0.895743062455057
-0.8673410669220158,-0.9975081490232162,-0.9501326116367911,-0.4855505391610994,0.27816561519506916,1.0,1.686893826387636
0.9355470154067276,0.8838955074803798,0.2929150912594125,0.14103759877249678,-0.8862789244025706,-0.8812968790614988,5.009308298910271
0.5085690790964441,1.0,-0.06547533238309537,-0.7953617721417129,-0.6374196530842936,-0.6786902319511915,2.6483450580720245
-0.43028671748521086,1.0,-0.9656898821287182,0.8973216924912243,-1.0,-1.0,7.045773214824648
-0.86363487404028,-1.0,-1.0,-0.6989625274179294,-1.0,0.32102907378445666,-2.763139515461217
1.0,0.6377342959696342,1.0,1.0,-0.35777894245369835,1.0,-2.5567620290854998
0.4019977028184025,1.0,-0.5436673726270863,-0.21379217421063934,1.0,-0.404159098733025,0.40715072932771246
0.9716325638132775,-0.22505578739252224,0.7185249089745569,1.0,-1.0,0.002518956944146722,3.941320289200102
-1.0,-0.9991281973218085,-0.7275795062635757,-1.0,-1.0,-0.11027643573805496,-0.14216015480901842
-0.290069268298203,0.8825374111707754,0.851066264156339,0.886035789649379,-0.3042314788037863,-0.6137349683481963,-0.5513360950036978
-1.0,-1.0,-1.0,-1.0,-0.23031024953591017,-0.5493204137501195,-3.410254654697211
0.05850997592256113,0.13101434473948836,-0.7351548166235949,-0.33953587226856385,1.0,1.0,5.750869270729515
0.9243479406936117,1.0,-0.08550260597881021,1.0,-0.5870379918004344,-1.0,10.567179776654473
-1.0,0.6069091048825205,-0.08527030641386668,-0.16842607915114383,0.14174215480640784,1.0,3.121079215995881
0.09576099206091837,-0.29200454393900077,0.15288773535024308,-0.6849959349473684,-0.7297665345967044,-0.8730704925673555,1.707689941966818
-0.30547447107500575,-0.006333572841474844,-1.0,-0.7254462670050367,0.481212453381895,-0.2084697845279273,-0.7787756204527504
-0.234401623764684,1.0,-0.2178637797499674,1.0,0.6980589815436736,0.7623016651926614,1.8790037258221954
1.0,1.0,-0.1340505230200214,1.0,-1.0,-1.0,11.235801070211
0.4937201272208822,0.029237458273651318,-0.11926325115553016,0.84533010614137,0.22096451653357252,-1.0,2.481200160926369
-1.0,0.11128127527502872,-0.0925983907020863,-1.0,1.0,1.0,7.59770852912427
1.0,-0.1309348291465557,0.06880674272049814,0.6761605994298088,-0.1088233606351435,0.48790919392375104,1.4708735099153722
1.0,1.0,1.0,0.8360606225683664,-1.0,-1.0,8.048373343810733
1.0,0.06486974717459482,-0.871334238416519,0.5943393395832144,-0.642394084763676,0.03780645827703588,3.163963368092525
0.701922017444028,-0.21983341978871082,0.40332616718717323,-0.4232293977298558,0.3007522945153068,-1.0,2.9317513543150633
-1.0,-0.9218822143584703,-0.9805155448403133,-1.0,1.0,0.1646788751481341,-6.62134735602633
0.5976799973133115,1.0,1.0,0.9399100925603292,1.0,0.41309378328715374,-7.470388287725445
-0.736299916214132,0.2950935446699864,-0.3732754369987743,-1.0,0.7054122867113725,0.14147953637091637,1.6947595652065868
-0.3753239074400422,-0.5353343473964005,-1.0,-0.17447355188197006,0.027754868273273114,-0.8478088617402453,2.6122831783560434
-1.0,-1.0,-1.0,0.07530477175621253,-0.46770562041924074,1.0,2.3997369457625575
0.8621600170853146,-1.0,-0.908969917533454,-0.2054967589810259,0.9194320352507162,-1.0,-2.4954998263296293
1.0,-0.733325189046941,-0.40497688275392174,0.7652378919692255,-0.8331253851416162,1.0,7.974641096744074
0.922152100852242,1.0,1.0,1.0,0.9256904708935504,0.7241657960191024,-9.96612639300239
-0.056809174688074865,-1.0,-0.05516758946671141,0.04930700438149564,-1.0,-0.699554280399292,2.3961574681946303
-0.15376366812534747,0.2710821296403392,0.8180428414675324,0.24053108510850252,1.0,1.0,1.8880193333697677
0.9810708459001556,0.7486494779708612,0.04801877727934167,0.18892686622276766,-0.5497090376236972,-0.15569476279580052,2.001710341056991
0.9367037222242527,1.0,1.0,0.5918555701375903,-0.17080955992231808,0.17554097308748873,-2.1280488923766043
0.20326556129268392,-1.0,0.6805006252090795,1.0,-0.7562690214689762,0.21637030926555256,4.026933772492104
0.8997784861860525,0.9680681631652953,1.0,1.0,0.912325947599204,-0.38080620521954656,-6.538248989089564
0.7932947190186742,-0.245187811510158,0.8547135674998154,0.6963165383774079,1.0,1.0,-2.959389304680722
0.8447062763141304,0.8646513255854311,1.0,1.0,1.0,0.26577084952219443,-6.485429689482364
-0.24074025110263664,-0.9758624743739142,-1.0,-1.0,0.21231094234472592,0.2798788701623906,-4.5964726914290335
-0.22252845217014317,0.8277569396299287,-0.34302601481191514,-0.5874185344336723,-1.0,-0.4807988056951298,0.876258003863979
-1.0,-0.8047744796050431,-0.7128271114815166,-1.0,-1.0,-0.7830058407596299,3.5521117174845016
0.23040029737285206,0.5678113474312501,0.050627432218054436,1.0,0.08541845525987957,1.0,1.959027071145404
0.7031739509681307,0.6482767632420973,1.0,1.0,0.27999094926283763,-0.532556519655245,-1.442813616306017
0.914702289197467,-0.489222461019215,1.0,0.3562132422539114,1.0,-0.6445966439379214,-2.9747704447710728
-0.42665711934221684,-0.6187797757720437,-0.6285805170565645,-1.0,0.38527663786390964,-0.9864362791448862,4.521869388195339
1.0,1.0,1.0,1.0,-1.0,-0.07109488425815447,4.18615830857237
1.0,0.9925065506119382,-0.2826640359423654,-0.253127619605941,-0.35652069125727603,-0.34679753809507474,1.3475191179252355
-0.25521680018673987,-1.0,-1.0,-1.0,0.6780474585116925,-0.6510839787308929,-2.0437996856168503
0.6508498633216455,1.0,1.0,1.0,0.5597365217772382,-0.2876528248307436,-4.031951071348732
1.0,1.0,1.0,0.00148218784380294,0.0015274992681129085,-0.40978258666788736,-0.3419911291171387
-0.43976786025877246,-0.6590831954317107,-0.3940544354032689,0.5407447822697129,0.11887562002592673,-0.6626188849609863,0.4297502987752604
0.08685265356304613,0.8818094307498949,-0.5191423807483759,-0.042487408880042044,-0.2449923870979811,1.0,6.166429930101689
-1.0,-0.9396773554436091,-0.934665878119683,-1.0,-0.5890953735439605,1.0,-1.1973723174365412
-0.6686101392147326,-0.07805985947703187,-0.5873109563104095,-0.05118351062885307,-1.0,-0.17150693974398634,-3.0828346590974673
-0.7582926704337132,-0.05409150472758972,0.10945495766418631,0.4056826068950534,-1.0,-0.49173768417427643,-2.600299836020228
-1.0,-0.05083569367392471,-1.0,-0.9687376221090787,0.3822491271509282,0.4044104547681122,-0.8389272441875126
0.49026083624280803,0.6731658830982239,1.0,0.3107368021919319,-1.0,-1.0,3.0622137368319784
-1.0,-0.1689645470685447,-0.1347038321730354,-0.4029732869778474,0.8474008807953717,-1.0,6.117710587653038
-0.6801125664226477,1.0,-0.03782295293493365,-0.04783842433755103,1.0,0.22133354903475522,3.3230231263663628
0.21274588651094356,-0.7932540556494494,-0.26762847034976556,1.0,0.4538297176628152,-0.9362050506940334,-0.16795126961552975
-0.8448628603823566,0.9900326631036906,1.0,-1.0,-0.1651449416211621,-0.3203569035291951,-4.568655217287677
-1.0,-0.4725419266244867,-0.20915017665117785,-1.0,-1.0,-0.06439908821211815,1.26426805005189
-0.43230446766601094,-0.14124543065825773,0.32436108710110656,-0.1187811110569087,0.3895870728116437,-0.2505898655056613,-0.016306659903878806
0.15987171853238033,0.3982985985365505,0.27869328322790676,-0.22003100313334534,-0.018291350969105835,-0.9138760589340396,2.222405082266327
0.10908732153218237,0.35957114734652296,0.8553053943030893,-0.5450647748257468,1.0,0.01249986819369936,0.04412711610849768
-0.11431519835099957,1.0,0.28023039397624827,1.0,1.0,0.4255146725390294,-0.36620296789706297
0.6078190700303796,-0.8692001258065816,-0.2613039510626264,0.2926254562046211,-0.07840838828799757,0.5633019771696274,0.6105167896387653
-1.0,-0.9035241820484659,-0.894646983025424,-1.0,-0.5893742730635025,-0.6157220705286366,0.6705814918055746
0.28831832814333913,0.7740023497308999,1.0,-0.41288182806549983,-0.27517822392859204,-0.17957037540434828,-1.040187432507721
0.804630610873836,0.0372420318258922,-0.2077638979849774,-1.0,-0.6452965465142071,-1.0,5.978901257853934
0.07315179311431419,0.9733147464974974,-0.050278801260747075,-0.14216857616797374,-1.0,-0.2681445041478798,1.0473307603860607
-0.674116125109761,-1.0,-0.31846199095047945,0.7546890680306235,-1.0,-1.0,0.8757539222240311
-0.4759199879411976,-1.0,0.752876336732935,0.13634522042927638,-1.0,0.07153008292925596,0.8434759134437919
0.2989162393320696,0.48927878557755683,-0.6304486490384027,0.19746689268919893,0.3016483785993196,0.22729526489611407,-0.24248735241613772
-0.1061239130275532,-0.3056410948513322,-0.6219890205053984,-0.06970546125204935,0.3104787999322851,-0.473769703182918,0.8156168235178847
-1.0,0.3631329823930688,-1.0,-0.9516813373680555,-0.4449773329716772,-0.37266833855061254,-1.935593535289641
-0.9981984816065714,-1.0,-1.0,-1.0,0.27095524617477607,-0.9900537570115819,2.171401679310974
0.41912270857648526,0.06149809820713911,1.0,0.17780356146003484,-0.4941299044358694,-1.0,3.462520991787196
1.0,0.24122146450623205,0.004842422803019275,0.8000035768379776,1.0,0.8300717986281411,-0.1770010341304175
0.9594554619453651,-0.8275410949980626,1.0,-1.0,0.2196007194770947,0.9959527218120137,-5.01893901128217
-0.9683925960697821,-0.7305009095238675,-0.18265731868512958,-0.7262548389799421,-0.3848404594474253,-0.05414092100320067,-0.864430331188931
0.2560558322384027,-0.4725304195474578,-0.016825050197689845,-0.21978106046671575,-0.11958753912616743,1.0,2.389260957732354
-1.0,-1.0,-0.9732334871057777,-1.0,-0.16769112037096257,-1.0,2.953891016939691
-0.7360398282227862,-1.0,0.38244557918448985,-0.031645761315840515,-1.0,0.45916236233569685,-1.6187589048697189
-0.6549005594388174,-1.0,-1.0,-1.0,0.18422032197953886,-0.354065516078969,-4.758049494821158
-0.7328497255876817,1.0,-0.07932672136147134,-0.3586709131711797,-0.2595998481155153,0.2939834242004602,0.28870059057239256
-0.11792255476522917,-0.017672963677106635,-1.0,-0.42558787791513186,1.0,0.11530575154080486,-0.1709950487799361
1.0,1.0,1.0,0.16032743440891295,1.0,-0.2924820940341628,-3.4488477210467865
-1.0,-1.0,-1.0,-0.619116059090941,-1.0,-0.9024140357478088,0.6280753780068541
0.8340618014606588,-0.47269427296311545,1.0,-0.5796805639892657,0.6315034375597108,-0.07940366547055211,-2.0436772930964278
-1.0,0.38402935856604486,-0.48271192472744984,-0.3493156895458447,-1.0,-1.0,-3.0437848726466625
0.9457333884185359,0.6713289459416947,1.0,-0.15268321125320972,0.09940979665380523,1.0,-1.671955591556911
-0.7708620841609289,1.0,-0.4164697402738003,0.7105481603857049,0.5431664324468876,0.7456581875743309,2.2014974433380887
-0.0019534885958709114,0.21592669045716428,-0.0649252427470311,-0.13591081247843517,-0.06208076697847176,-0.7676665461040216,1.2128582499411913
-0.3481947734803783,-0.9377438978985831,-1.0,-0.7893019877281875,0.7177249703419503,-0.12525674604243198,-3.4317891995390615
-0.9694443413397046,0.7872067758342184,1.0,-0.616604671145714,0.9895170982714683,1.0,-0.39540473348636923
-0.9442037998543094,-0.8070272586724544,-0.3626646099392863,0.4631028896898068,1.0,1.0,6.321931751909987
-0.9586960522522361,-1.0,-1.0,-0.13530263456233493,0.9967692785849833,-0.15833726067716852,-4.3205117919150675
0.2710257379063076,0.34143172514082337,-0.19732592591928141,0.335340464593145,0.11935171999911054,0.8075392983295879,2.21685034767503
-0.45167737023919075,0.005415373179830429,0.5781789530643084,0.8704259957494203,0.6368630184043484,0.7470386550346761,1.070605498742987
0.20516559485980967,-1.0,-0.1020523173078855,-0.8809176383432855,1.0,-0.6688043683754494,2.3612726649592664
0.06278784780524116,0.09123787719277651,-0.13914249153431046,0.09737979167518052,-0.9324453800774177,-1.0,1.2110966159359249
1.0,1.0,1.0,0.6455366856780691,0.5474376735957077,-0.41991322441459994,-3.466999144903632
-0.44589331367110363,-0.4725633821145979,-0.5035888170873788,0.6633680890858216,-1.0,-1.0,0.7112892663184349
0.8139019063743305,0.4186911468455729,0.12155292654590666,-0.4639697257552447,-0.2566810807214715,-0.8517494703523625,3.60755505135411
-0.28157157012243944,-0.9722606947066158,-0.4110539736553457,-1.0,-0.028522606348753365,-1.0,4.413764787116358
0.46764261992949985,0.24363848239844668,0.08689249491901485,-0.8473258439567323,-0.639694524832975,-1.0,3.2512878497483415
0.20483246795684174,-1.0,0.6732111206944453,-0.39896766095387726,1.0,1.0,0.014418113762597218
0.49060056833234844,0.5369351606177559,0.7557420080486497,0.40035416177237404,0.13911423365352504,-1.0,1.2758333779616737
1.0,1.0,1.0,1.0,0.5430001980926031,-1.0,-3.0527961010774245
1.0,-0.2647632106788296,-0.13549999868835494,-0.8278019280611384,-0.3452651371674418,-0.23329019271684315,1.345178646865878
0.650849467887633,1.0,-0.5179428116619346,-0.02590009240933877,-0.36483832350285833,0.8957271978660908,5.76183284456087
0.8916841133250483,0.0694181654094636,1.0,0.6371924746981484,-0.9124226341176166,-0.9531464599252502,6.738746775985007
0.46087081627593884,-1.0,-0.3394915173010169,-0.587389539315421,0.4317913883931044,-1.0,3.7788497609531824
0.6709720599676818,-0.07956203392879119,-0.06069576624372408,0.10029132825042458,-0.05302470023074271,-0.3507479412547855,1.0666664707743658
1.0,1.0,0.9729891782714093,1.0,-1.0,-0.9735624855388196,8.403309969479489
0.28525215965087747,1.0,1.0,0.1701238953580444,1.0,-0.030144900197514923,-2.7061696283779826
-0.21153302231987636,-1.0,-0.00580722666397698,-0.2505136568876858,-1.0,-0.47394009656222613,2.141267321766347
-1.0,-0.1192948706132766,-0.5780304442449682,-0.6335171619127531,-0.2683310312612859,0.2448235367652004,-0.2545334296032581
0.6743624575622955,0.909783651637482,0.18064439619940642,0.7122060366177299,1.0,1.0,2.0050979142802294
0.4949839852437117,-0.22292265102328898,-0.3164329728333186,0.48256992059142434,-0.5725463592241574,-0.2733224587748328,2.1329203210334287
-0.623590314982995,-1.0,-1.0,-0.03194518598517626,-0.6987120833553382,0.46243516296245246,-3.3733328405705985
-0.3647911410608031,-1.0,-1.0,-0.32709818186520234,0.5378926091210493,0.18349492659233493,-3.284388372387435
-1.0,-0.9597451219146624,-0.7968131203128799,-1.0,1.0,-0.0331977573216915,-3.9292625719226653
0.19863204462997064,-1.0,-0.17978008107971705,-0.4722178247172585,-0.6136643883524195,-0.0349099111605613,0.8540993328562629
-0.8018396483615268,0.6991511011809616,0.5146036576805468,-0.33524174691838005,-0.5238741659966815,-1.0,-0.5778154154713391
-0.5035535473074073,-0.21516383797401106,-0.2414735163092006,0.40745999187846255,0.05951359014504626,-0.13391172403001061,0.43492869189749206
0.4589796641080741,0.20749539519408078,0.5104722814470724,1.0,-0.22850867456559887,0.7418273753279457,0.7800249146554374
-0.5038734097987135,-0.701541170126917,1.0,1.0,-0.8073858386796646,-1.0,-1.3718156787340803
0.2437293146345406,0.437815440641131,0.5465739745501633,-1.0,-0.40740928827210365,1.0,3.3339645152515716
0.4891105838423634,-0.8809736757605285,-1.0,0.432437454585704,-0.9950274457548953,-0.2271507743506216,0.5750187097059091
-1.0,-0.23204135570256224,-0.6360770792395916,-0.8703822755307251,-0.7874085707360985,-1.0,0.7483430912461979
0.08224788541582773,0.22558422589644145,1.0,1.0,0.6556760047997575,-0.8047860236760292,0.36166275868128417
-0.7954992884503542,-0.47091832863515526,-1.0,-0.4691273200315089,0.5122329528979186,-1.0,5.74618954495773
-0.2651743502454611,-1.0,-1.0,-1.0,-0.8344073721509598,-0.6903170243023955,1.9233935913641442
-0.40927544072198185,-0.5095257706759455,-0.5414622190358878,1.0,0.2073216149683721,0.08674298725187346,-0.6315061442084008
0.16306348065917065,1.0,0.37579360272008167,1.0,-0.3436280609602613,-0.3305168215019047,0.34611149189212526
1.0,-0.40773617330465156,-0.4358590123025496,-0.602378383361544,-0.2596470837818572,0.04010377125618825,1.0411380247045823
-0.012363844428802562,-1.0,-0.0398383629350052,0.030897399648751656,-0.7631475541463784,-0.6070434908748054,2.1838436816386526
-0.9812536111705525,-1.0,-0.06635365180678598,-1.0,-0.5722893584305423,-0.4594130628102293,1.460575243493156
0.31602490720491505,-1.0,1.0,-0.5022358803208062,-1.0,-0.055841285878301505,6.021155915893585
-1.0,-1.0,-0.14305505356636927,-0.9176889255386809,0.6744291186280624,0.48241898970711405,-0.7209019790392218
-0.8032642998211834,-0.8790369941503322,-0.9982019172848857,-1.0,-0.3073269199187859,-0.5963329348683437,-1.0661825024372589
-0.8492851922804081,-0.4336751067485847,-1.0,-1.0,-0.43985552348444257,-0.839815954326304,1.5781847935520146
0.5886353851425774,0.566922356745845,-0.16586167884092104,-0.78943943434673,-1.0,-0.8226358745696328,3.2143168718682693
-0.24636687204205243,-1.0,-1.0,-0.27188950595455696,-1.0,-0.3006087905371624,-2.278181133816025
-1.0,1.0,0.8708829366096523,-0.14412050803398135,0.6705926270427172,1.0,-0.4754656306327455
-1.0,-1.0,-1.0,-1.0,-1.0,-0.9362690480773468,4.255123489420936
-0.17042778654749036,-0.5585953786578297,-0.5812859596307551,-1.0,1.0,-0.5662205815049771,1.4064930144926011
-0.3333345396669708,0.1670757862229093,0.9268993643554966,0.7262891009345757,-1.0,-0.3933738890036197,-0.531510998176819
-0.44245622438338805,-0.8897424383961753,-0.620493599089731,-0.27464855400766147,-1.0,-0.5645918551449729,-0.5939634819910375
-0.30147956532118525,-0.9881350017038096,-1.0,0.4492120571316653,1.0,0.7952854821317259,1.2480341267383523
-0.59471543866365,0.4034604190748162,0.318504377734538,-0.6709196645877771,-0.23137735666535586,-1.0,1.1559806930186505
1.0,0.07681716407636374,-0.05706161180078695,-0.5857815672349098,-1.0,-0.13641999834427843,2.9860443408901407
-0.7813520237235314,0.49016078044661676,-0.808389092724749,-0.021251185166512476,0.1407756100556019,0.3623841723303113,3.2420382554734886
-1.0,-0.07956316961210569,0.26881238642715055,-1.0,0.9922690639578097,-0.1823427382408265,5.083101713228058
-0.6318658918049788,0.4714870659950422,0.5218853259164645,0.6271118649739108,-0.23971087592964097,-0.5772427432683032,1.496333435854095
0.730375043285177,0.1506162611321975,1.0,-0.39158718980060436,-1.0,-1.0,4.1073024793218025
0.20490775922436655,-0.7022946885581398,-0.6674910600453379,-0.7588971294978022,-0.5155114915152292,0.1831100377206606,1.0298182979470365
-0.8704528768727497,-0.6852097840359062,-0.6478301708985039,0.7645168826309553,-0.8332713413262633,0.12507026159386503,-2.2702909676548795
-0.10104073906051647,-0.31100557878325635,0.2419760175746728,-0.10219558744620805,0.05010078722374589,0.35528639628039715,-0.21656356110905117
-0.06666303587410626,1.0,-0.17176007970483304,1.0,0.06602545551169403,0.5713833029491264,0.23517920245238316
-0.022777220232409398,-0.22489561382533035,1.0,0.5342197660493537,-0.2059123911422037,-1.0,2.016724192281678
1.0,0.5196528576825461,-0.8109461752290735,1.0,-1.0,-1.0,8.437210225247457
-1.0,0.035128558878039895,-0.7170771494703503,-1.0,-0.7654023449071135,-1.0,0.9468126409606817
0.17269759018063002,-0.00999120386532143,-0.3220675471318175,-1.0,-0.1989919716438295,-0.27470378714660293,-0.20814759251313095
-0.2714411618976189,-0.27047844371390983,-1.0,-1.0,-0.5585019320832707,-0.6918705043502986,-0.01994808780301069
0.6950218417395703,-0.9489986866161577,0.49235253636504694,0.790169399433601,0.2500825720748473,-0.4702130195859787,1.9784550524532514
1.0,1.0,0.6092552152833668,0.20615372231420526,-1.0,0.20642402505545726,1.660413544713085
-0.6321718460853927,1.0,0.14722338159487205,-0.4250908116837675,1.0,0.4649982125114308,4.174792468134392
-0.8240588779653722,-0.9697526135073717,-0.8094699487196141,-1.0,0.10684592772926282,1.0,-0.8810818627459729
1.0,0.12573784611411287,1.0,1.0,-0.6826033806471119,1.0,0.22520320435743135
0.5273726130435297,0.9719613891608028,1.0,1.0,-0.35615455131265805,-0.06464148473045846,-1.927490628539577
0.41127914005854177,-0.18633389668831246,0.45251454736728136,-0.8864366490943224,-0.9796359167611908,-1.0,5.836131093568236
-0.3824822037124903,-1.0,-0.6163165125681433,-1.0,-1.0,-0.6001159403253327,4.095887814589746
0.0026976217278362746,1.0,1.0,1.0,1.0,0.8539559626180816,-6.167239257695787
-0.5673660480487501,-1.0,-1.0,-1.0,-1.0,-1.0,4.385291297860842
-0.26643979100160997,0.5814229064416172,1.0,-0.4522509121843259,1.0,1.0,1.1141739951665701
-0.8285738662640341,0.5346639586762575,-0.8437575979225473,1.0,-0.6160720424067592,-0.5230080524460183,-0.11565961341154163
0.5448684717728641,-0.762062085342885,-0.04732581481947823,-0.23985948967482462,-1.0,-1.0,7.010314118268313
0.9491371185608516,0.6224237086925077,0.5563801665092589,0.9714433654721202,-0.9091503543834836,1.0,5.444970058393298
0.2460432922086624,1.0,0.5583688940866933,1.0,-0.3135905603655559,0.5106552663354285,-0.12476120196204288
-0.05790323404249087,-0.5382606690582232,-0.6049312671551401,-0.13250516047002536,1.0,-0.015040151682710001,-0.9566136992302235
-0.2415222790596423,-0.1541150036917085,0.37088997212252384,0.47413930251864517,-1.0,-0.4770155645207921,0.39074976453903076
0.18698189844056046,-1.0,-1.0,-0.7392840850383202,0.10004003565950474,1.0,-0.6297218496869917
-0.18570816574216376,-1.0,-1.0,-0.3313666408210243,-1.0,-0.6210790608911063,-0.46007433981672546
0.20943943683080113,0.5022082654692387,0.5848527193077177,1.0,-0.7291641642224111,-0.2508463493533285,0.41533200967922523
-1.0,0.15049394836794083,0.7802683259174841,0.9167172661793743,-1.0,-0.7670998767354795,-0.3862685590205989
-0.782161623732307,-0.5156816211730807,0.2773010215084484,-0.022233202747397485,-0.30086267585328064,-0.8119855387459463,1.253623274269554
0.18959886709542495,-0.7364843163195333,-1.0,-0.8793136621329377,-0.3221169365813301,-1.0,3.262330209173902
0.21273507209898113,0.850017891083875,0.32963643732732445,1.0,-0.6354538763420694,0.9765701224208694,2.1940452645137496
1.0,0.36768821651532824,-1.0,0.660486568314381,-0.6912882028400995,-1.0,5.862620901947326
-0.14054393168095336,-1.0,-1.0,-0.715132237404331,0.08096272542349814,0.058781391610696065,-3.1215646075031565
-1.0,0.5535330019681429,-0.9668636872117176,-0.022186253981441834,1.0,1.0,11.621723772466595
0.23789439099342308,1.0,0.3590701768599003,0.779780254080676,-0.5758729080700167,-0.4904180948465831,1.7099701608845104
-0.10335270909998262,-1.0,-0.8624231048540194,-1.0,0.46681942067471777,-0.8225397025832284,0.6918488379991401
1.0,0.6167129988894188,1.0,0.2038078407117454,0.4687520286094403,-0.0028937070344410287,-1.7968316578124928
-0.3978176266353651,1.0,1.0,1.0,0.35012508747455673,0.2896971467342817,-5.243995403542435
0.07682757298926668,0.13697094719343159,0.6546503499531002,0.21290411232284256,-1.0,-1.0,1.7716815911987176
-0.5503514062638264,0.21363449506194376,1.0,0.9065308956298608,-0.20612235349631614,0.0867437278323615,-2.502042624995964
-0.050945705327633484,-1.0,0.19793724582785374,0.5685430915706179,-0.24443463964818452,0.04069740253420384,0.8819691847172689
-0.2345190185057291,-0.9912332115046807,-1.0,-0.959664695875028,-0.2571794875760387,-0.09629853354711948,-3.796233996812739
0.8558914571450956,-0.7244349224763605,-1.0,0.09510339556384939,-0.15513649304500643,0.374787975732231,0.9952286336168904
-0.3007283486203788,-0.9093163107780832,-0.15848202128633546,-0.04117668769363353,-0.25405363067242637,1.0,1.8158175146531046
0.9676725809821126,0.7844909352338563,-0.4597793624926499,-0.2966375270020887,-0.26039510953406525,-0.9254258277959609,3.098131984879042
-1.0,-0.7555980406388811,-1.0,-0.39888288043986064,1.0,1.0,5.429473717973561
-0.448883429861312,-1.0,-1.0,-0.20124600168133466,1.0,-0.45617979558307176,-2.5577711769147533
0.4275311577733593,-0.6605646168773713,0.2926363398578806,-0.6204606221065873,0.351457993026985,1.0,0.6578310088761841
-1.0,-1.0,-1.0,-1.0,0.263309750102683,0.3584307688063515,-7.372862619172807
-1.0,-1.0,-0.8995191290010354,-1.0,-0.39772612070986924,-0.4695111238681735,-3.2329748334742305
1.0,0.6890582273167964,0.19556717887383923,-0.4162881112789639,-1.0,-1.0,7.07238508946205
-0.2409912132462011,-1.0,-0.7276266213588535,-0.754271177045913,-1.0,0.20953234366463747,-0.1846265205003449
0.27909362162154244,0.9601280529161681,0.7782987771187969,0.5282450942466744,-1.0,-0.6045005860851793,1.4560716168194956
0.18654423958241573,-1.0,-1.0,-0.06169524827493755,-0.1354565724692615,0.6520712572670206,-0.8475187536379556
1.0,-0.12082893293837471,0.95810027734591,1.0,0.3322090866865407,-0.8533380820059894,0.6533233335444593
0.9769050969325586,1.0,0.045023653481356174,1.0,-0.1318451066876789,-0.2659387522388901,2.449902898348305
-0.04186843832723375,1.0,0.41859585951079137,0.4228505947707131,-0.2503394752356145,-0.7765475712562193,0.7479218307238232
1.0,1.0,0.5867620459843219,0.04347738271693513,0.32693983315719777,0.9905646449719016,-0.8437537768555243
-1.0,-0.5929729773754501,-0.04552521566122503,-0.2402094696105176,-0.14910729949070733,-1.0,3.8762567226548157
1.0,0.921248711548281,1.0,1.0,0.7782798073509292,-0.9319316539311231,-3.2271081001501063
-0.2916673136379522,-1.0,-0.9031467956504045,-1.0,0.3440752501615534,0.7331848756757415,-2.9461455375582335
0.6094291427119292,1.0,1.0,0.8870751209803832,-0.8582990442539574,-0.17724064224842584,1.5188680653020425
0.8072075280211342,1.0,-0.9640737440115241,0.6084804106314955,1.0,-0.5436930763455832,-1.5829535547613225
-0.28135121473787705,0.20594064092348144,-0.8149901756327085,-0.7074169209886461,-0.23164668339226346,0.34474425150736737,0.5093714004722725
-0.23026037344526645,0.08154013192529497,0.7207666784682613,0.9777680596570579,1.0,0.7581404428205185,0.36185121336186676
1.0,0.8422484077846615,0.33412234641437305,1.0,-1.0,-0.6373463215788815,7.531367166239877
-1.0,-0.5436463640120768,-0.7553322135692692,0.7666378061530561,0.5784718948617508,-0.43465423950976895,0.23448698446353736
0.9047237913911205,1.0,0.6443508111270836,-0.24388415739663866,0.674527248318396,0.05757269057373837,-2.753323213898261
-0.5416780359299043,-0.458393889679863,0.09413851380740412,0.9941042763361294,-0.821225927162152,-1.0,0.24210639132014022
0.06640533978092805,-0.816251524836622,-0.41787269240885816,-0.3309487332297758,-0.2783061698790187,-0.9406849219195679,3.178962179549506
-0.34467478826044134,0.8671887116214352,-0.9549078672114575,0.009813760352268885,-1.0,-1.0,1.1520880863558698
0.3680560376455533,1.0,1.0,1.0,-0.6536964606650251,-0.820048318981125,2.0142339851047533
0.9899154368592682,1.0,1.0,0.25002415869533334,-0.03293091413070676,0.07324934556299734,-2.180918061709619
0.2932120160253901,-0.4397755817227149,0.7961145562188948,-0.026617597110049185,1.0,1.0,-0.2584699330347583
0.18553703992669152,0.06442184367359804,1.0,1.0,-1.0,-0.9687006285721076,0.8743832794950837
1.0,0.24548493714662845,0.7170715325308481,-1.0,1.0,0.2648513802364467,-3.149479115429365
-0.5538569721158557,-0.8553736774231934,-0.17635419941052957,-1.0,-0.7767474499667397,-0.7794846739742385,4.483662612874269
0.5321491395707254,-0.4197349054128414,-0.017038899699910237,0.4340157438499928,-0.7138355346309964,-0.0839367982744436,1.9882346619225584
-1.0,-0.12630339727169204,0.08874373202980566,-0.6451982734441923,-0.07769585096742271,0.9709307081305623,-0.36768516164108256
-1.0,-1.0,-1.0,-1.0,0.002022690387551096,-0.35311407748853185,-5.625278422002366
-0.1334885199213999,0.5719956544856124,0.8809641456284145,0.5789677304575572,-0.7396365855945033,-0.34069804245747376,-1.1283890774500134
0.7655925967530688,1.0,-0.2346436681178865,-0.10216167979152879,-1.0,-1.0,5.5188407604976195
0.761668046540616,0.010047135901938634,-0.8780849412975673,-1.0,-0.22917800080641643,-1.0,2.464385789818841
0.4504287563081182,1.0,1.0,0.6647401686133332,0.1550536768327926,-1.0,-0.7836058818765583
-1.0,-0.9146342316919371,-0.7872027471853392,-0.2579087612247428,-0.1885946204261706,-0.6942792245212748,0.7559252881120503
0.5746834509360094,1.0,0.47548862897721633,0.5783293773517623,0.3460664126627966,-0.3779516357905497,-1.2466140380253954
1.0,0.19870855537503834,0.397234458119901,1.0,-1.0,0.42853232840475686,2.5922004130156227
-0.7380637507613577,-0.33944210850267265,-0.9598358673015626,-1.0,-1.0,-0.36940378088423315,-0.4365433188678153
-1.0,-0.5453990675968827,-0.3982036434798766,-0.7300451395769447,1.0,0.7437943282062444,3.8119190665031892
-0.1130565421076174,-0.5923233596235369,-0.6642993797195611,-0.6146508905404713,-0.29446660762310095,-0.26061557596604756,0.5701749058943305
-0.3170412718014484,-0.9274990516352752,-0.7708376793377925,0.34221166836995537,-1.0,-0.04447121230007656,-1.6880584375341723
0.33291520412324666,0.07222200268354725,0.5975815688319296,0.1167918603304133,-0.3066047154641225,-0.4570102769872541,1.0330792120308672
0.3790442686628288,-0.3380265628010752,0.4467664628627204,0.41966973852840805,1.0,-0.7256428767728933,-0.09287391411324966
1.0,0.9045634799973555,0.03089539239343389,1.0,1.0,0.18163683512136253,-2.5613416259408734
-1.0,-1.0,-0.8800074641495357,-1.0,-0.05760699448291362,-1.0,3.1954485905622634
-0.4779038389390827,-0.309741546939136,1.0,0.9420112604875438,0.19563976319557827,0.7601954992959847,-2.18545584804788
1.0,0.06392172136479272,0.6572633794831232,1.0,-0.2246858156946614,-1.0,5.211618342351095
0.27274852907546443,-0.2098917575067477,0.22974585567022535,-1.0,0.007523759830951021,0.46530521497667393,-0.00390636794142879
-0.7894232133230181,1.0,0.2150647665872004,0.4557530907088788,-0.22970708074673135,0.3138693743761398,0.26501734728307436
0.23650666513304097,0.3887291428709978,-0.04497063660974776,0.4353739791980711,-0.2686238351146486,-0.22034284388888048,1.1050631422636459
-0.37980624018511255,-1.0,-0.8106956663989244,-0.2687217670478088,0.8256742043683054,1.0,3.316032967978183
0.5494113365819713,0.44612383594800464,1.0,0.7178879636291862,-0.8021068203052317,-0.593631006732475,2.512476437439772
0.553332525763063,0.18349007385053562,-0.045047426524153944,0.3220317510524202,-0.07370696690614995,1.0,3.3317174330398114
0.36068497699045154,-0.8856169504250034,-0.2797128115993446,-0.6415020105359468,-1.0,-1.0,6.0017851982097215
-1.0,0.25629614113005184,-1.0,-0.6131980207176988,1.0,0.24770938753418026,1.548470080605488
-0.4156258730720627,-1.0,-0.2715283647525767,-0.8333325479697904,-0.6891375936648982,-1.0,4.934542795051434
-0.9409177054567721,-0.20437253468729888,-0.9068706232641977,-0.7599078511057276,0.5523205718188485,0.5852026998468595,0.18859660196443717
0.18165063614148486,-0.14675095463695143,-0.639361749635834,1.0,0.40947800630225023,0.06797649942094405,-1.011972850049853
0.0130702838582889,-0.16976474940287162,-0.8030133603899428,-0.3930854981529679,-0.65942390043087,-1.0,2.94159690430689
-0.25234092415993126,-0.06421064407835819,-0.47623052728372467,0.32782830784335504,-0.7087189969749075,-1.0,1.575262263044457
-0.533950094659413,-1.0,-0.25480929589855883,-0.46716254724684936,-0.13036191563455435,0.9301405988295823,0.268383974196604
0.42406004871995107,0.6031785151984987,1.0,0.3223144353451143,-0.0014889530393273898,-0.39384825681592034,0.0354915968294372
-0.0896533336199461,1.0,-0.5562961777518505,0.7502305831327752,-1.0,0.8931436213345976,4.8730646233348125
0.05605785415214726,0.9410564769609755,0.3908036022466934,0.39616198451761564,1.0,0.16068398812817608,-0.13189760985478374
-0.26631340564550154,-0.4088696050364433,-1.0,-0.9958377882728211,1.0,1.0,4.9726869047704705
1.0,0.8660278056857457,0.9588838436666466,-0.4789429159809971,-0.7628524231739886,-0.4951990413254755,2.2722393253155397
0.35398651636965295,-1.0,-1.0,0.031430074874048364,0.41956480829460074,-0.4882651521779824,-2.409646025448035
0.16857679136852477,-0.4488807306358853,-0.1238792282953089,1.0,-1.0,-0.26245777439270035,1.6616575484640774
1.0,0.02599760969742268,-0.3182069348385816,0.9487554544646465,0.07850870435991597,-0.8195633945931299,1.2416601891903256
-0.23497226213593403,-1.0,-1.0,-0.2845597192853875,-0.615785532646302,0.7322405377541455,0.18846790324719964
0.67013374212651,0.9468968583019982,-0.028060372647785575,0.5166208150487194,-0.9983624597821104,-1.0,6.065969048597202
-0.8824934264127704,-0.335320386256584,0.009858921165430662,0.8228679243697289,0.8616942350253792,-1.0,4.626162583715701
-1.0,0.6254484093157904,0.7080153264966196,0.3498272601647649,0.45134397683322436,1.0,0.0859905750697531
-1.0,-0.8521638053795416,0.8186270916786537,-1.0,-1.0,-0.33992653158699665,3.42056674165517
0.5381083896891876,0.9280997271791167,1.0,1.0,-0.10838902881730395,-1.0,0.12484783070630256
-0.6068740570637762,-0.7101304796885338,0.3153199319680278,-0.22274143035796762,-0.08225724773134019,0.08651962181725581,-0.5400899239950963
0.7148311123133336,-1.0,0.4701076398610622,-0.7421086500785206,0.030877361543410864,1.0,1.0618715367222393
-1.0,-0.46515859138393034,-0.7718311611019335,-1.0,-1.0,-0.9024745391934563,2.175711716505877
-0.8722976682363248,-0.7381184132213214,-1.0,-1.0,0.7945353536900576,-0.6817818162288609,0.7688536033161915
0.34856472977685204,-0.23849717374495694,0.18119210482164935,0.03502418401405327,-0.46372537664672464,-1.0,4.616491291115743
0.17124628265051922,0.3348201831080668,-0.26856175506577595,1.0,-0.4310875446478399,1.0,3.9749630886777982
0.8201256371670027,1.0,0.3213721108657648,0.5268258024128493,-0.6302635856461791,-0.054964346655420604,1.4444945716334807
0.13053877782770587,0.21794376383592734,0.5559757785258481,-0.3040673995498868,-1.0,-0.5906549480711455,1.013773692457464
-0.6590184994277024,0.5757156178434442,-0.4079239154451667,-1.0,-1.0,-1.0,-0.6410726887544393
0.41594613762212024,-0.5968594514635349,0.3739175580361042,-0.3131612135417309,-0.7549222460471533,-0.5215020642431596,3.31852721630657
1.0,1.0,0.01945929782574274,-0.3995074955955612,1.0,0.3697077642891882,0.042787499196187684
-0.5749100248425658,-0.3073616370442381,0.2637395019964145,-0.5005541756101788,-0.08438214554729256,-1.0,3.9047574900082846
1.0,1.0,0.5146918968628054,0.19043090680492014,0.7910783570502077,-1.0,0.10941733913706742
0.40606249307895753,-0.9449434149586189,-0.13570082734175426,1.0,-1.0,0.3857880383334975,4.934874921812849
1.0,0.3309804714382101,-0.22587162553130474,1.0,-0.6186937108709643,-0.5313123336882033,3.313323965991325
-0.5651888180361767,-0.13702978060130389,0.6955122840922862,0.4998613188132585,-0.8982178769864082,-0.9523708383441374,-0.640702192429552
0.907470317463354,0.22676317381345495,0.4821486425712923,0.257381792147781,-0.7004400061366705,-1.0,6.216989096783097
-0.37693253799898535,-0.6652767648873016,-1.0,-0.5762706461246218,0.3333859639746807,-0.031993368832496066,-2.7283662365839487
-0.013268463243975903,-1.0,-0.8286801548562236,-1.0,-1.0,-0.9194804635991775,6.228314874910139
1.0,-0.2772534452156844,-0.30292075298183363,0.6227687020038669,-0.5151417533081011,-0.41084398064737804,2.079882493802216
-0.9066277951996764,0.2966443006629064,-0.7156798429603496,0.08714933887618152,-0.047609545246871665,0.827324379821031,3.0603920085459193
1.0,0.49440103041284994,-0.4738805106743229,0.20855384988817216,0.9407408549515472,0.3658432241925085,-2.9658636228260375
0.559450470622841,0.07454865586411116,-1.0,-1.0,-1.0,0.26185623960950677,3.656911464339337
-1.0,-0.5851498025569091,-0.3535365715207883,-0.05471855601510059,-0.25156421919501865,-1.0,2.145156762512878
-0.4190613758982703,0.7600327141511328,-0.5051925772560343,1.0,-0.8498742317899195,-1.0,3.2198047702558443
0.21689614149765102,0.2307586151383978,-0.5429160341908896,-1.0,0.6957095785744543,0.8275874660883138,3.090266093174941
0.15290758922717407,-0.7426378574758941,-0.42571836109809,-0.42523336749090596,-0.3143384073352191,-1.0,3.9904254532177736
-0.02601268912226712,0.6109388562751848,-1.0,1.0,-0.7782834606887822,-1.0,4.002652327501498
0.35299072212074845,-1.0,-0.1626726586782618,1.0,1.0,0.3721040688477354,-2.316624953918553
0.34215988124351226,0.19685638163091346,0.2190513852739313,0.334028792027778,-1.0,-0.5587945859822592,2.7322319844082257
0.09075806022947419,1.0,1.0,1.0,1.0,0.6296790812772208,-7.680085359204856
-0.17972782756338257,-0.2884625030310173,-0.08987469528317982,-0.5281255870676711,-0.8108622838442763,-1.0,2.3964048609649757
-1.0,-0.08073259264374388,-1.0,0.2466946216427084,0.1416486988995515,-0.6476836885013679,1.792319034515128
0.4164532787207227,0.5972428251475006,1.0,0.44722503479014875,-0.9269022482967799,0.6433951961438875,-0.8628995114620862
0.5775406098502511,0.4414632971802612,1.0,-0.8919297064966407,0.022644810314635472,-0.8388653614708693,-0.06879670739881016
-1.0,-0.616235939180247,0.31763633605181646,0.13000998896458182,-1.0,-0.5923950162334981,-1.4059334488287916
-1.0,-1.0,-1.0,0.12090761317837839,-0.01084717652142117,0.9573367247172684,1.5347105798318248
0.56016620342818,0.9267689951119484,1.0,0.46456094705104434,-1.0,-0.45991644173773283,-0.022004158828410003
-0.9027622180718283,-1.0,-0.9515753077450418,0.04733763402708946,0.8495563716747986,-0.23625071510878912,-3.1586859114381802
-1.0,-0.44376146729478194,-1.0,-0.8373154473454232,0.7316069596033647,1.0,5.398988513203369
-0.5909838117867157,0.5639257783123173,0.03741235518051267,1.0,-0.08496015618294517,1.0,0.9908039804782232
0.2768745036481072,-0.4333762337839889,1.0,-1.0,-1.0,0.12998922989978284,2.35784542059624
-0.6852550233199963,-1.0,0.1292076339927315,-0.19123503722595303,1.0,-0.6345570578769395,3.993651209276412
1.0,-0.9920021156736336,1.0,-0.09408477276801827,-0.9439171808329757,0.36967483925664446,7.51314791920439
-0.040888391058945706,-0.09123730394831386,-1.0,-0.6058506024365873,-0.9227988131232943,0.015377385810607047,-0.6386679530172565
0.5076857430546673,0.84724251646155,-0.9521453860891087,-0.0002316372992893223,-0.6987939076090692,0.1469340598611788,2.6431456378808997
-0.7453242219157874,0.19102242250432955,0.8933053606136546,-0.10269149797386226,1.0,-0.5493801370205382,0.6093780655700181
0.7012639731232514,0.9560479339172145,-0.5091557664704028,0.22530121922725566,0.9923621728897175,-0.9830517052746501,-0.7405595304384442
-0.6302791695119625,-1.0,-0.5480539574756184,0.13600951207057999,0.25252207718213165,-0.3151298648576442,-1.2654902608083014
-0.24889992424761287,-1.0,0.6590263311478153,-0.2059633179971549,-1.0,-1.0,5.200531794356064
0.19141824633729815,1.0,0.5569450503052554,1.0,-0.2775922081540677,-0.4427804989610239,0.8222430142154147
0.05882496024469275,-1.0,-1.0,-1.0,1.0,1.0,-0.9444918880428639
-1.0,-0.6257496559351128,-0.6893355892309346,-0.5209542273646277,1.0,0.053247112080424985,0.13549068408528553
-0.5040642211694183,-0.057572703779122644,-0.1883151910426245,-0.4214472000303413,-1.0,-1.0,-0.9560203129502859
-0.6449508406428113,-0.8305957277239042,1.0,-0.334641586328679,-1.0,-0.5726621139214039,0.9579437413336948
-0.21010812682845148,-0.9207706641523804,-0.9814187463101136,-1.0,-1.0,-0.04032783032310783,0.04373512932337631
-0.02453547151385349,-0.9170504959036241,-1.0,-1.0,0.2021553105567332,1.0,-0.06892195476855366
1.0,1.0,1.0,0.7123606706171626,1.0,-0.2996000791507057,-4.780630743241332
1.0,0.9022618647587757,0.4301445687834309,0.9938709706616433,1.0,-0.2627949475978061,-2.961470586287917
-0.8376219899213039,-0.773395353683201,-0.5004005093332785,-0.4716985280831777,1.0,-0.9252939566999843,5.725558927706894
-1.0,0.4158716942313037,0.41713243131490063,-0.11710740136196174,1.0,0.6349282978084558,3.152797251285145
-0.436680083970607,-0.01754579930994349,1.0,0.4265948821189183,1.0,0.21507899560608523,-0.5446371845505584
1.0,0.12750820882844494,0.6290930071734027,0.13837345050402416,-0.4999103838057129,1.0,3.115341241999584
1.0,1.0,-0.2327677538384792,-1.0,0.6825719637173013,-0.5147108601526984,-0.21565735439094846
-0.8945229227124434,-1.0,-0.43766157612178214,-1.0,-1.0,-0.5720055864737061,3.2027517861659645
-0.8725327888461472,-1.0,-0.46245817335165895,-0.5291485284890779,-0.886046048016171,-0.7650036296613671,0.7265375765318715
1.0,0.6086948896354769,0.7014692067546868,0.5570814952472276,0.7246943383933402,-0.34319868712259216,-0.9936026942642713
-0.9162138196218754,0.4416493107246794,-0.19774434888404968,0.4371572211033814,-0.6065667843693305,0.29430733643603874,-0.030005730674998343
-1.0,-1.0,-0.3658792788307186,-1.0,-1.0,-0.6685547935370213,3.4639910603004185
-0.9190420591531165,-0.3253470796300961,-1.0,-1.0,0.44215733471138297,0.3260067587014065,-1.3850941594946726
0.7340194569913986,-0.6875484518699376,0.6082782996575407,-0.03254542401960542,-1.0,-0.6470942403768145,5.647819988241655
0.7075632555360941,-0.34464866515739867,-0.4763401870654645,-0.48172120789148876,0.8987461270065986,1.0,0.701455482532471
0.5768445814636876,1.0,0.4199731011745327,-0.38854229435618737,1.0,1.0,3.0101121897417724
-1.0,-1.0,-0.8771805929494629,-0.43431758704844703,-0.5797196346949446,0.13203913641011747,-4.979934846284627
-0.6805961080732355,-0.9104368353310315,-1.0,-1.0,0.0833697399408716,-0.36243440059278675,-4.139184731518045
-0.015205884393368452,-1.0,-1.0,-0.9390590741519697,0.5057686644336464,-1.0,2.5563016555447344
0.42744620267613975,0.5846848951652236,0.44752107619753034,0.27085310547745345,-0.639819008161768,0.1868594447048164,0.8471647851886035
-0.018849674656436388,-0.018833684413339102,-1.0,0.6416277361291524,-0.857567950329037,-1.0,1.3358949799547322
0.8277587182570768,0.9047771547408373,0.29204105554577997,-0.19488980521603258,1.0,1.0,2.3314611532093643
-1.0,0.030153911702160197,-0.4008535212694736,-1.0,0.4515501039072567,-0.05594677120318958,1.4933398452231996
1.0,1.0,0.7193883709082005,-0.3845392664848485,-0.3672640345107752,0.38990186910267544,-0.074433177674781
1.0,-0.4641745258320099,0.14266339307166864,-0.3742066773771576,-0.020091183731046347,-1.0,6.243864514134843
-0.03251280221622865,0.7132872373910198,-0.6592467588236683,-0.8703825552028921,-0.3187471992517036,-1.0,1.493088834292105
0.2623711177233202,0.3784868572400943,-0.32754250451170713,-0.3237389520593983,-0.1654153184239131,-0.4101203281411605,0.5702053646370226
0.16880927550531544,-0.12810230467295874,0.32047193855045103,-0.369611140237193,-1.0,-1.0,2.9726813018242946
-0.5830921012702279,-1.0,0.016926547348935617,-0.08477237591050119,-1.0,-0.30350836478544285,0.3369034196999379
0.6508490031918575,1.0,-0.29190255663766107,0.00129174869335405,0.036785882305619744,0.46424504838187935,2.135235464843469
-1.0,-1.0,-0.4886821644959274,-1.0,-1.0,-1.0,4.779934989147782
1.0,0.7231520216152107,0.26287431042309084,0.7355896006528917,0.5503524372741226,-0.014254758567215253,-1.981050236430395
-0.7317415709181068,0.029456227580583083,-0.672587725290288,-0.8010786453199782,-0.15039375162070723,-1.0,2.5661037666199573
1.0,-0.9255725304124129,1.0,-0.01709338312493794,1.0,1.0,-6.669703267760111
-1.0,-0.14607790465814396,-0.024194607213168018,-1.0,-0.9788042176776686,-0.8404658590207625,0.8523572232225181
1.0,1.0,-0.21092814372820112,-0.07395404707035969,1.0,0.057266202421623946,-1.6967439219027707
-0.7006595734689822,-0.20605615547030665,-1.0,-1.0,-0.4988647458617975,0.5675032372552719,0.16207113582792831
0.43042884926070024,1.0,1.0,0.605538476198326,-0.1206827563555748,-1.0,0.09272498663434421
-0.3676147952109675,-0.6067216532233675,-1.0,-0.049266867159245775,0.0017309050640408885,0.7434643758426412,2.9133846263670313
-0.534077584010544,0.011163015091089745,-0.9439484309454791,0.10469353398497039,1.0,0.6406400968249593,4.02678262356176
1.0,0.07533214089613935,1.0,-0.7317305862639428,-0.3321310981931047,-1.0,4.545133802385823
-0.4163276730270379,0.6671980591157325,1.0,1.0,0.6661689187965096,1.0,-4.278173835774198
-1.0,-0.7720713080347421,0.3139422816246482,0.11035070391754703,1.0,0.965454067874076,4.508672084540958
-1.0,-0.5426143055173355,-1.0,-1.0,1.0,0.699913969392995,0.16635559782940873
0.5184286913803342,-1.0,-1.0,0.029656402457971742,1.0,0.6493669948421651,-3.041128892960123
0.2751312493237531,-0.5352822232754173,-0.4528388760296917,-0.5351993951493845,0.13446094904248795,-0.7261454159944428,1.9711561717141932
-0.04888260193709948,-0.8032706939793628,0.4451192608183868,-1.0,0.4924188304538633,-1.0,7.067526124963002
1.0,-0.5709256131707197,0.5077199980687974,-0.19149790655574528,0.5402536098278549,0.2161642512269757,-0.9289822334283907
-1.0,0.9858835917135257,0.3017168359273018,-0.5800671487296621,0.8621704552927346,1.0,5.234602819828596
-0.8717722668743617,-1.0,-1.0,-1.0,-0.8799662662575838,-0.6853987468304967,0.6167639937603457
0.4134533999006973,-0.5321472239482546,-0.6787201082373774,1.0,1.0,1.0,3.727946924021043
-0.44156501071142557,-0.056980384514726756,0.2381781518421584,-0.7704512702983536,1.0,0.11846430273689168,2.2633774520225876
0.7339077614277553,-1.0,-0.2595701620708548,-0.45661081911721957,0.5815147400292067,0.33293118776276365,-2.3661760647059693
-0.8647193413558393,-0.4858346140719977,-1.0,-0.9645449315881264,-1.0,-0.07028542357626855,-1.9009623932996427
-0.8533020309550048,0.5369467581444963,-0.12907958695479235,-0.6323108513761903,0.8403793818680908,-0.6788177782480991,3.2817977889366556
-0.1477708653576365,1.0,0.2539182614992248,1.0,0.5523018661174883,-1.0,1.153807392549279
1.0,0.6320244284891083,0.9881351063406787,0.7293187936757803,1.0,1.0,-6.812940942279435
1.0,1.0,0.7839155078433365,1.0,-0.3229488978469512,-0.49679456051757914,2.4293953219872093
-0.8962831108462636,-0.5560855156696257,-0.7429327222892002,-0.21196709160674465,-0.05727301455862377,-0.41794765615683993,0.6688996797234343
-0.8409109728357713,-0.27657344943259154,0.19186824116084436,-1.0,0.510552167413889,1.0,2.1142952687290397
0.14389181559882647,-0.09262858859736667,0.6770162768445158,-0.057386815027374694,1.0,1.0,0.3974327034663105
1.0,1.0,1.0,0.2360663309748834,-1.0,0.1792696308685446,0.8787664054071695
1.0,-0.8852144538020156,0.7472211012104719,0.5994891893890882,1.0,0.22029596663541695,-3.807115120806557
0.4583296116715937,0.39042403780378765,0.41673629070076523,-0.866526721506356,1.0,0.7242654044026717,2.098504549422189
-0.8917778161190667,-0.9836638483246145,0.008966260974157536,0.30832908171773643,-0.7800680309708441,0.6314548152336951,-1.0903197719901028
0.9052224985182857,0.0008771447267807986,-0.18288536870718997,0.6577157629682668,-1.0,1.0,6.695623554384448
-1.0,-1.0,-1.0,-0.4129935526655345,-0.24977217037149546,-0.10488927526430802,-5.0064514806566836
-0.45249742230018875,-1.0,0.4405015628167549,-1.0,0.0986399712359835,1.0,-2.4795753599873116
0.05181059007671329,-0.17797976467124876,-0.8773288124730168,0.483516789749313,0.02243713979240737,-0.0696811162578998,0.02220469366447314
0.5475377943864089,0.2648845837843927,-0.3515229369520788,0.9968319521520825,0.9455476606354004,-0.4180644439691703,-1.1922609719493378
0.3430024799067557,-0.4884152346045918,-0.3578763943901909,0.2464460947521528,0.019749784474484,0.22517521337799307,-0.3300825004737287
0.1721712091526283,-0.5663539554753039,-0.06562630687960946,-1.0,0.3546894562692043,0.5428100230852003,-0.7270700501071463
0.6815217639010442,0.2895909424853007,0.4835895826134724,1.0,0.6868603784738192,0.09634543267683923,-2.008640210543419
-0.5806727988765898,-0.32960527809091333,0.7722453771617779,-0.8040952650160655,1.0,0.999671280772831,1.3283689409188746
-0.36561716941319067,-1.0,-1.0,-1.0,-0.3324106279300183,-1.0,4.191634953067209
1.0,-0.2650787472791899,-1.0,0.4151655764078658,1.0,-0.023773245293522427,-3.766490602645729
-0.4416527037771782,0.6173598330354302,0.197661598922667,-1.0,0.33005570966263365,0.4293255606083801,0.876527177677803
-0.36873352450925245,-0.9930300429749963,-0.5685756210823015,-0.7251770297440828,1.0,-0.2508253906461192,-0.9209820036281096
-0.39699575036301793,-0.1523802633472866,-1.0,0.5308554392491659,-0.3953074000607478,1.0,6.625347065553413
1.0,0.019770358027221047,0.2163478583086254,1.0,1.0,0.1782967114941454,-3.2978958896867523
0.7564427044915307,0.6973382610124429,0.17196767200898977,1.0,0.35754765284810314,1.0,1.7229086699348255
-1.0,0.05598673054194203,-1.0,-0.3889492403454854,-0.5618599160514293,0.7814897879844613,2.947027734113216
-0.7717186803562988,-0.7354616062514772,-0.36109081913123786,-1.0,1.0,0.2737176357319844,1.872575778680304
-0.410111640768712,-1.0,-1.0,-1.0,0.11274729978572973,-0.7383713986203428,-1.626878792583623
-0.6821295946018083,-1.0,-0.05528729742042526,-1.0,-1.0,0.7203757343006939,2.169170052796245
-0.40259061041647853,-0.03962908566573131,-0.7458670024227749,-0.3596200685379476,-1.0,-0.4845366208967711,-1.6343524331646733
-1.0,-1.0,-1.0,-0.38953391290709083,-0.14921059089851862,0.35171329960519665,-4.798643540558765
-0.4948964003125654,-1.0,1.0,-0.5695269176674058,1.0,0.0999306078470994,2.0531206360487193
0.27025722118355805,0.546371420469912,0.221908541575925,0.012594151354417132,-0.88284274699336,-0.1822269340317794,0.32340085654256184
1.0,-0.1105936008329052,0.585998417587385,1.0,0.4220578789108371,1.0,-0.16967392059143266
0.341409097998858,0.01904638310900242,-0.46647739914772196,0.031039500279439913,-0.8946291536081448,-0.3411965877949893,1.643979549386898
0.002430297290742567,-0.10611045375823114,-0.13538145032102972,1.0,0.015465506297723808,-0.436806155001338,1.5350124114596042
-0.030071422313121876,0.9523944429378728,-0.5866383070900407,-1.0,1.0,1.0,11.751706360686008
0.4764891781402354,-0.796596834680784,-0.8761813784976114,0.1255016147042342,1.0,0.4878085041870792,-2.144607552514715
0.7294510708115274,0.506339410274216,1.0,-0.016794226224968956,-0.3644801884048299,-0.5661596170197037,1.4048290860234072
-0.8147762067246256,0.2655939368603995,-0.6357566410076966,1.0,-0.050861502695389915,-0.5688386695362618,-0.035125572105883573
-0.12555798225429382,0.7864891170110757,1.0,0.2976145575703759,-0.10610110759813973,0.5026404005568089,-1.6515747215749408
-0.26953193792167573,0.7904542911190564,1.0,-1.0,0.5544311259621075,0.5769414030826661,-1.0777265209339548
0.40222460388860104,0.050429615851752985,0.06116889212204546,1.0,-0.8308033048980301,0.4500623867257275,2.0692844442811604
0.38164331523221584,-0.34147472941117685,-0.30649341812476055,-0.8563744881216312,1.0,1.0,2.9737670411269317
-1.0,-0.5456531298495417,-1.0,-1.0,1.0,0.36670463406131315,-2.616120088914354
1.0,0.2650354132775212,-0.05803544221075119,1.0,0.4567160084317447,1.0,1.6401914211398267
1.0,0.33450278679522694,-1.0,-0.36678219982733395,-0.8873297179046494,-1.0,4.678192442802583
-0.5170137802904051,0.032201149879405984,-0.7686425437358306,0.8841899701444398,0.21231744543280784,1.0,6.406767506474933
0.4032084606210788,0.9268923466528163,0.25570454248419805,0.6766777103384345,0.4768965078207501,-0.4911446015025922,-0.8646036249111169
0.08103345580471788,0.10675760430239079,0.6551014125288469,0.7123423086364515,1.0,1.0,2.3528328854794704
0.7678853251625974,-0.1339958368262455,-0.7269781186255803,-0.045512283270241705,1.0,1.0,1.0922436993859042
0.14605382023536342,-0.9979425384399591,-0.1844093118668063,-0.26051894670621517,-0.2194528100455973,1.0,0.8885818151053941
0.8313816067390658,0.22888376151013567,1.0,0.6266350788242486,-0.03129926519102422,-0.1034257109053802,0.6630057750064541
-1.0,-1.0,-1.0,-1.0,-1.0,-1.0,5.500634472774809
-0.11713568224546944,-0.328462521443692,-0.6210260950631528,0.18701553408822158,1.0,1.0,4.703253383732111
1.0,0.19501145352654037,1.0,-0.059397546100627696,0.3990395577546022,0.4623124166341239,-2.17881682664514
-1.0,-1.0,-0.361135160892988,-0.8131863485752402,0.823893030053274,1.0,1.078190473417202
0.2553660653389852,-0.25897738202587184,-0.6633681197323595,-1.0,-0.8890152939588539,-1.0,3.1599713324687873
0.8814685802549547,0.13210427610855358,-0.37829505517072326,0.7858243782986564,-0.5161916777948211,0.7243968869797218,2.9904306563031597
1.0,1.0,1.0,0.5392791727608655,1.0,0.954099237633232,-8.614346969060758
-0.0704819466060441,0.737114406602945,-0.9904924885526922,-0.047673858807063874,-0.019876847955262567,-0.13557241259009822,1.2860795447454225
-0.19060506139246836,0.02395463636325279,-1.0,-1.0,-0.43166761451586144,-0.24756666719089937,-1.970460315469798
0.319292062130059,1.0,0.47235216284440695,0.5660842252205869,-0.07726268635324324,-0.7895258405160731,1.6909724778627542
0.08268280084337787,-0.7776656459346689,-0.4485944836540784,0.028181994753558315,-0.7842434394385,0.319718326060144,-0.30404808503078307
-1.0,-1.0,1.0,0.33661980975466044,1.0,1.0,1.113139761485625
-0.15980433254767168,0.33531446613693155,-0.7550620909690222,-0.8401565416330521,-1.0,-1.0,-0.25358710382090976
0.47400863023988493,1.0,1.0,1.0,-0.48687819297162743,-0.14316839317305927,-0.9828775224017683
-0.7310055537933755,-1.0,-0.010920194702994657,-1.0,-0.13918796979344616,0.1213578681535637,-1.9156723519884402
-0.9911404553670917,-1.0,-0.06639992461295807,-0.06665178943007977,1.0,0.24336560538857,1.8585628333849775
-0.47523989992899407,0.0706500566045608,-1.0,-1.0,-0.31454181996198594,0.29001647260196406,-0.07577176956240717
-0.32198698261186,-0.5035053041648527,-0.32799484521983047,-0.2523277593707074,0.26760365202224706,-0.8140017137040954,2.1639362121786085
1.0,1.0,1.0,0.48808933296920665,-0.8336204726528434,-0.9232625451582579,5.22845536477916
-0.23983106498357842,-1.0,-0.5391467575389148,-0.11000949349582756,1.0,-0.2238448084565271,0.29400767990904697
1.0,1.0,-0.21135837313252215,0.47574062964850583,-0.0049716371167937146,0.4460619763206668,0.5466000714095839
-0.9322736827550302,-0.8191126053459699,-1.0,-0.3570368929605736,-1.0,-0.6701048026595144,-1.8115655930160133
-0.31066099733776253,0.030371929486268212,0.813640943498795,-0.6295592692767551,0.2713800622348588,0.2743351209648124,-0.47078505579677327
-0.8685122036059317,-1.0,-1.0,-0.7303712730939278,0.30419452895347177,0.1242023510024659,-5.618381611730413
-0.3538688520151674,-0.597576156200603,0.546253625203512,-1.0,-1.0,-1.0,4.862108913543894
-0.015415676657261103,-0.4347774937562108,0.26872435084136453,-0.269941798679612,-0.08528418427143158,1.0,1.0192302633227481
-0.08857491278353666,0.7105884154746991,0.03143340304957376,-0.7762282732872061,-1.0,-0.8575012146343226,0.6720398035426381
1.0,1.0,-0.23884052669695272,1.0,0.3569721404935675,0.14377534943946985,0.3538764457293634
0.6125118619910566,0.16369256049555053,-0.691934722785458,0.5838693336253196,-0.11463922564911089,0.8594197835193743,3.0440085482409955
-0.9064831586673466,-0.6018625287171577,-1.0,-0.1334245592013823,0.4260294446671574,0.6925658117481216,1.2518116699048414
1.0,-0.4709115912334874,0.43456110217144794,-0.05482740277791853,1.0,1.0,-2.0555003555456945
1.0,0.4768267537102411,1.0,0.41106725684048473,-1.0,-0.645829728580425,5.311241161693603
-0.6426352764485451,-0.09186823205184524,-1.0,-0.3210388969723331,0.07004563900127497,0.8532274767046162,5.176110052754404
0.8544258010149551,0.06045582836565799,0.05526530376654237,1.0,0.22615461031693562,-0.9112281105656769,3.0997000144818396
-0.6603126359992253,-1.0,-0.6815729711402291,-0.6037258998696373,-0.6428557892368822,-1.0,2.4200375693239686
1.0,1.0,-0.17333499332904234,1.0,-1.0,-1.0,11.478052179747714
